,quant,hybrid
2026-01-17,0.0,0.0
2026-01-18,0.0,0.0
2026-01-19,0.0,0.0
2026-01-20,0.0,0.0
2026-01-21,0.0,0.0
2026-01-22,0.0,0.0
2026-01-23,0.0,0.0
2026-01-24,0.0,0.0
2026-01-25,0.0,0.0
2026-01-26,0.0,0.0
2026-01-27,0.0,0.0
2026-01-28,0.0,0.0
2026-01-29,0.0,0.0
2026-01-30,0.0,0.0
2026-01-31,0.0,0.0
2026-02-01,0.0,0.0
2026-02-02,0.0,0.0
2026-02-03,0.0,0.0
2026-02-04,0.0,0.0
2026-02-05,-0.007878578558207616,-0.006775240819548722
2026-02-06,-0.007878578558207727,-0.006775240819548722
2026-02-07,-0.007878578558207616,-0.008193838049416646
2026-02-08,-0.00012708095840452405,-0.00010379357111389709
2026-02-09,-0.007813035393531842,-0.005959202864251001
2026-02-10,-0.007878578558207727,-0.006460021602952448
2026-02-11,-0.007878578558207616,-0.007248086425531874
2026-02-12,0.00038414630491190316,0.0002848063792071365
2026-02-13,0.012176786720932586,0.009247261490331615
2026-02-14,0.002748678009606653,0.0025857718962585263
2026-02-15,-0.009115865358444553,-0.008573644133380576
2026-02-16,-0.004409858642823505,-0.0030597138855154027
2026-02-17,0.0007052003158385389,0.0005437064201652131
2026-02-18,-0.004371182036869259,-0.0036787582720223533
2026-02-19,0.0003900865848212032,0.000405577956456904
2026-02-20,-0.002427897466933837,-0.0023170719802863005
2026-02-21,-0.0005966826743005749,-0.0005509472845857122
2026-02-22,0.0017572896904676227,0.0014131031683102258
2026-02-23,-0.004286514276336528,-0.003750172501878146
2026-02-24,-0.003932864386762214,-0.002988849768140067
2026-02-25,0.0128923615348846,0.012118859163795292
2026-02-26,-0.0017457095295765335,-0.0017947981540386015
2026-02-27,-0.005733193035711626,-0.005070020987019586
2026-02-28,0.0020859639168844257,0.0015188021829009024
2026-03-01,-0.0015261075234118682,-0.0012996497563664278
2026-03-02,0.0052998070484149284,0.004964099188809579
2026-03-03,-0.006140539307148973,-0.00615127387307246
2026-03-04,0.00834640015960808,0.00834640015960808
2026-03-05,-0.007098995789099671,-0.007098995789099671
2026-03-06,0.0009055460372653368,0.0009055460372653368
2026-03-07,0.00023341637193330378,0.00023341637193330378
2026-03-08,0.0010927194875736124,0.0010927194875736124
2026-03-09,-0.0019665423359856993,-0.0019665423359858103
2026-03-10,-0.0007202417709247788,-0.0007202417709246678
2026-03-11,-0.00023663465203016543,-0.00023663465203027645
2026-03-12,-0.00032391537737153087,-0.00032391537737141984
2026-03-13,0.00256812598093048,0.00256812598093048
2026-03-14,0.0005748041100976931,0.0005748041100976931
2026-03-15,0.014118406870721634,0.014118406870721634
2026-03-16,0.029004531480479656,0.029004531480479656
2026-03-17,-0.005599051901342245,-0.005599051901342134
2026-03-18,-0.01796963560841225,-0.01796963560841225
2026-03-19,-0.010915124887674321,-0.01091512488767421
2026-03-20,0.0013193801152566742,0.0013193801152566742
2026-03-21,-0.010487393758371821,-0.010487393758372043
2026-03-22,-0.005503972316754813,-0.005503972316754924
2026-03-23,0.017239579692547524,0.017239579692547524
2026-03-24,0.0005996667527601307,0.0005996667527601307
2026-03-25,-0.0010999586228208624,-0.0010999586228209735
2026-03-26,0.0035139343884464935,0.0035139343884464935
2026-03-27,0.005038253874807053,0.005038253874807053
2026-03-28,-0.00020632043082335905,-0.00020632043082335905
2026-03-29,0.0007567799040206769,0.0007567799040206769
2026-03-30,-0.003397086675036909,-0.00339708667503702
2026-03-31,-0.006237368160074808,-0.006237368160074697
2026-04-01,-0.0013251163772284302,-0.0013251163772284302
2026-04-02,-0.0032638489676440896,-0.0032638489676442006
2026-04-03,-0.00014432334591230056,-0.00016454277809441198
2026-04-04,0.00022715480560409063,0.0002284688271065871
2026-04-05,-6.328320510429197e-05,-6.550133208238496e-05
2026-04-06,0.0,0.0
2026-04-07,0.03161217579957509,0.02940019136851668
2026-04-08,-0.011683067443066686,-0.012609579179227115
2026-04-09,-0.0001077519543365435,-0.0005406628349043929
2026-04-10,0.012776503209711354,0.006881720480871989
2026-04-11,0.009031275265198424,0.0025188198524843664
2026-04-12,-0.021247821270121037,-0.010999630342234834
2026-04-13,0.04173776299482457,0.018310332534067886
2026-04-14,0.0025362225290113116,0.002636630191392486
2026-04-15,-0.0030408798643991597,-0.0027215874786372662
2026-04-16,0.0008672169095913507,0.0007361001726828853
2026-04-17,-0.0076042036575748595,-0.006815468643095124
2026-04-18,0.0,0.0
2026-04-19,0.0,0.0
2026-04-20,0.0,0.0
2026-04-21,0.0002810680435088031,0.00016308144560328586
2026-04-22,0.001417171037886522,0.0007686128098576273
2026-04-23,-0.0013377862651648975,-0.0012853749754156985
2026-04-24,-0.0004888536854151804,-0.0005380588067509517
2026-04-25,0.00011757259716849155,3.930348024772101e-05
2026-04-26,0.0015144805510023396,0.001332978307917676
2026-04-27,-0.002001493398399945,-0.001865134266302415
2026-04-28,-0.0004626640622575895,-0.000430277577899596
2026-04-29,0.0030542357049445634,0.0008492741911496626
2026-04-30,-0.0016042074411926066,-0.0017761798426022546
2026-05-01,-0.00864971524003122,-0.00834697520663008
2026-05-02,-0.0025698484160637802,-0.0022902798138401126
2026-05-03,-0.0006154800433535446,-0.0007624619684640788
2026-05-04,-0.0038170269710108284,-0.003608630521156897
2026-05-05,0.0009986226797442654,0.0011379289703428164
2026-05-06,-0.0011289718619105216,-0.0012343213830864341
2026-05-07,-0.006446051957484378,-0.007136044313932555
2026-05-08,-0.0011058935426979666,-0.0011712090354496496
2026-05-09,0.000734314595348895,0.0007086345225062463
2026-05-10,0.0045428366908977225,0.004843044343681102
2026-05-11,-0.0033926991944851492,-0.0021526618461634728
2026-05-12,-0.00702519959931136,-0.007405701833311129
2026-05-13,0.004501100491022925,0.0041501500881107045
2026-05-14,-0.01030808012952289,-0.009586514520456335
2026-05-15,0.02335897380667107,0.024799846618366983
2026-05-16,0.017895269132140124,0.012395837652566355
2026-05-17,0.020744456293178448,0.01958065082571414
2026-05-18,0.00012132489816685244,-0.00021622454982517247
2026-05-19,0.0075719094316308855,0.004348890304207487
2026-05-20,-0.00108179664020025,-0.0005963829408199839
2026-05-21,9.249202575101201e-05,6.830455341799713e-05
