date,bitcoin,ethereum,portfolio
2021-11-08,0.0,0.0,0.0
2021-11-09,0.0,0.0,0.0
2021-11-10,0.0,0.0,0.0
2021-11-11,0.0,0.0,0.0
2021-11-12,0.0,0.0,0.0
2021-11-13,0.0,0.0,0.0
2021-11-14,0.0,0.0,0.0
2021-11-15,0.0,0.0,0.0
2021-11-16,0.0,0.0,0.0
2021-11-17,0.0,0.0,0.0
2021-11-18,0.0,0.0,0.0
2021-11-19,0.0,0.0,0.0
2021-11-20,0.0,0.0,0.0
2021-11-21,0.0,0.0,0.0
2021-11-22,0.0,0.0,0.0
2021-11-23,0.0,0.0,0.0
2021-11-24,0.0,0.0,0.0
2021-11-25,0.0,0.0,0.0
2021-11-26,0.0,0.0,0.0
2021-11-27,-0.0052437219881737995,0.002298765946333825,-0.0014724780209199873
2021-11-28,-0.0033750396583562825,0.009614755473636993,0.0031198579076403554
2021-11-29,-0.002726356267530927,0.0068652731718810145,0.0020694584521750437
2021-11-30,-0.005898711633438469,0.008239708942384905,0.0011704986544732177
2021-12-01,-0.008595233718543205,-0.002088815435206448,-0.0053420245768748265
2021-12-02,0.0027074818038586024,-0.003168439286024838,-0.00023047874108311772
2021-12-03,0.013075853661000059,-0.0130678570668602,3.998297069929269e-06
2021-12-04,0.021336375971131583,-0.014290982733395574,0.0035226966188680042
2021-12-05,-0.0013574944242757958,0.0034604065753862656,0.001051456075555235
2021-12-06,-0.005538905041483133,-0.006348897158101718,-0.005943901099792426
2021-12-07,-0.0008294768408804165,0.0013911813618510127,0.0002808522604852981
2021-12-08,0.0005231982746167763,-0.0055548334879749195,-0.0025158176066790716
2021-12-09,0.014878636279330726,-0.006992235148580717,0.003943200565375005
2021-12-10,0.002120676158725354,-0.006714687664305274,-0.00229700575278996
2021-12-11,-0.012389359862861271,0.009534889643380895,-0.001427235109740188
2021-12-12,-0.0035456954096377835,-0.002562009961199041,-0.0030538526854184123
2021-12-13,0.017196924393526825,0.01611440357908034,0.01665566398630358
2021-12-14,-0.00914071720730647,-0.003967432433221951,-0.006554074820264211
2021-12-15,-0.00286179389413721,-0.008018003605111512,-0.005439898749624361
2021-12-16,0.006430927127530239,0.0028533916862820696,0.0046421594069061545
2021-12-17,0.008054190204292988,0.003951207228656495,0.006002698716474741
2021-12-18,-0.004010900927185923,-0.00424199041092832,-0.004126445669057122
2021-12-19,0.0007668628490242746,0.0016767191951554405,0.0012217910220898576
2021-12-20,-0.0013648486328557974,-0.0010644010449235575,-0.0012146248388896774
2021-12-21,-0.010943329245187261,-0.003434431266647886,-0.0071888802559175735
2021-12-22,0.00151491551198224,0.0015983206737506528,0.0015566180928664464
2021-12-23,-0.012028913726472856,-0.006417631513653044,-0.00922327262006295
2021-12-24,1.8059236293277436e-05,0.0029784416588582996,0.0014982504475757885
2021-12-25,0.00205667841134316,-0.00235612110689587,-0.00014972134777635482
2021-12-26,-0.0020014223111187723,0.0014077737219395647,-0.0002968242945896038
2021-12-27,0.0002988798192493647,0.0011857756698026023,0.0007423277445259835
2021-12-28,0.015991853030572933,0.011562436381194363,0.013777144705883648
2021-12-29,0.005778655753929662,0.008166864638008198,0.00697276019596893
2021-12-30,-0.0037212950696203784,-0.0042376374579197185,-0.003979466263770048
2021-12-31,0.004872211868770737,0.0016516538116910784,0.003261932840230908
2022-01-01,-0.00848338478873345,-0.004719260551787285,-0.006601322670260368
2022-01-02,0.002282394848678093,-0.0032542111590312395,-0.00048590815517657315
2022-01-03,0.0045064587082992436,0.003069155219452613,0.003787806963875928
2022-01-04,0.0033339590540308883,-0.0010369031419796837,0.0011485279560256023
2022-01-05,0.013325960379862334,0.012336425790534067,0.0128311930851982
2022-01-06,0.0021126686332411104,0.007194919144587253,0.004653793888914182
2022-01-07,0.00900073294010384,0.01163374044024379,0.010317236690173814
2022-01-08,-0.0007804421434658426,0.0070373552208182755,0.0031284565386762164
2022-01-09,-0.0012218897236304649,-0.004480825490317919,-0.002851357606974192
2022-01-10,0.00018224617751627648,0.00416070856432027,0.0021714773709182733
2022-01-11,-0.0056717188833620424,-0.00983282405046193,-0.007752271466911986
2022-01-12,-0.007162644179786182,-0.007848629643061433,-0.0075056369114238075
2022-01-13,0.00781273844108843,0.007378847556086532,0.007595792998587481
2022-01-14,-0.0031076806053557116,-0.0040136099399984415,-0.0035606452726770765
2022-01-15,-0.0002231898477876859,-0.0011378471358600706,-0.0006805184918238782
2022-01-16,-1.7683597712814247e-06,-0.0012598766724973842,-0.0006308225161343328
2022-01-17,0.00513445674331936,0.007809123181066635,0.0064717899621929975
2022-01-18,-0.0009975418092201815,0.0029208797170778844,0.0009616689539288514
2022-01-19,0.004139028501666919,0.004547341905650759,0.004343185203658839
2022-01-20,0.005986507866809543,0.0050780629785665,0.005532285422688021
2022-01-21,0.026786523757428293,0.02764561754960093,0.027216070653514612
2022-01-22,0.009649072203532283,0.011596220508526267,0.010622646356029275
2022-01-23,-0.008707945748923418,-0.01014681101565984,-0.009427378382291629
2022-01-24,-0.0030373725255660178,0.007478838949930733,0.0022207332121823575
2022-01-25,-0.0021745143683101764,-0.0015946852553845314,-0.001884599811847354
2022-01-26,0.0009626616610605154,-0.00038221306987218373,0.00029022429559416585
2022-01-27,-0.0025360577260272743,0.00296060135516818,0.00021227181457045274
2022-01-28,-0.003941094931854461,-0.009614534542828013,-0.006777814737341237
2022-01-29,-0.0031577244497045243,-0.004313033969945423,-0.003735379209824974
2022-01-30,0.0018497910037178489,-7.600677546615309e-05,0.0008868921141258479
2022-01-31,-0.004062831731992511,-0.006345932481503391,-0.005204382106747951
2022-02-01,-0.0016046259755047032,-0.0072197595828015215,-0.004412192779153112
2022-02-02,0.011913176492348354,0.007278576714559559,0.009595876603453957
2022-02-03,-0.0029812356852749744,-0.0011162620327286321,-0.0020487488590018033
2022-02-04,-0.02955417545172445,-0.021380836641077483,-0.025467506046400967
2022-02-05,0.0011120621814166842,-0.001189032715493199,-3.848526703825739e-05
2022-02-06,-0.006301552988323023,-0.002754365056190311,-0.004527959022256667
2022-02-07,-0.008960541998514038,-0.005382693567447472,-0.007171617782980755
2022-02-08,-0.001272137471569068,0.0013529703552888073,4.041644185986959e-05
2022-02-09,-0.0020090477399777873,-0.007892053190877157,-0.004950550465427472
2022-02-10,0.005023737489874058,0.010084140719148538,0.007553939104511298
2022-02-11,0.006576584814654396,0.008995050265951043,0.00778581754030272
2022-02-12,0.000871632606002315,0.0005100586847621713,0.0006908456453822431
2022-02-13,-0.0022102107100117063,0.003081521965103695,0.0004356556275459944
2022-02-14,0.0035462622813826616,-0.003975339821964519,-0.0002145387702909285
2022-02-15,0.014901384260642025,-0.016678525910182485,-0.0008885708247702295
2022-02-16,-0.0048805303854609905,0.003632482698991746,-0.0006240238432346223
2022-02-17,-0.021720975036498946,0.014103983153902933,-0.003808495941298007
2022-02-18,-0.0048185929549556805,0.007399968528127632,0.0012906877865859756
2022-02-19,0.0007366501005381387,0.0010366725471027127,0.0008866613238204257
2022-02-20,-0.0067428100414147485,0.009776936388771862,0.0015170631736785567
2022-02-21,-0.010578856227531963,0.0038921670477007897,-0.0033433445899155867
2022-02-22,0.009909684641385086,-0.0051588311633248285,0.0023754267390301287
2022-02-23,0.005380768778229017,0.004060716349089555,0.004720742563659286
2022-02-24,-0.014510144171729245,-0.0012841469698932073,-0.007897145570811226
2022-02-25,-0.00820561096234429,-0.01279166765060702,-0.010498639306475654
2022-02-26,0.00019704087071992227,-0.0008186031902398527,-0.00031078115975996523
2022-02-27,0.008853249855713008,0.011173437032412359,0.010013343444062683
2022-02-28,-0.01806330859170846,-0.02236140450705626,-0.02021235654938236
2022-03-01,-0.008205610962344179,-0.0036956710344736576,-0.005950640998408918
2022-03-02,0.0024826597282467944,0.0018140307617215967,0.0021483452449841955
2022-03-03,0.008001535261509263,0.007319612007084864,0.007660573634297063
2022-03-04,0.019104116254529346,0.014289348855618833,0.01669673255507409
2022-03-05,-0.0016424944162313215,-0.0032079994785545463,-0.002425246947392934
2022-03-06,0.006035433044633054,0.00814020705228935,0.007087820048461202
2022-03-07,0.0027009359846739134,0.004467933740597951,0.0035844348626359324
2022-03-08,-0.0048892947018053246,-0.0065934388060747695,-0.005741366753940047
2022-03-09,-0.02049610329782825,-0.011306498079280969,-0.01590130068855461
2022-03-10,0.014724358336970056,0.008406086730251117,0.011565222533610586
2022-03-11,0.0042526687268193974,0.003611312558487123,0.00393199064265326
2022-03-12,-0.0005686486710002603,-0.000953639964591968,-0.0007611443177961141
2022-03-13,0.006463993534172374,0.003912697518130059,0.005188345526151217
2022-03-14,-0.012423743929532827,-0.005683790867943128,-0.009053767398737977
2022-03-15,0.0023541107130895522,-0.0021562103734055205,9.895016984201588e-05
2022-03-16,-0.01157268714922599,-0.01149869267039827,-0.01153568990981213
2022-03-17,0.0011009841093756467,-0.0026939499165310465,-0.0007964829035776999
2022-03-18,-0.005128305821681112,-0.008724134031005804,-0.006926219926343458
2022-03-19,-0.002690769912046198,-0.0008358444185595504,-0.0017633071653028742
2022-03-20,0.005407065715770321,0.005759842967619999,0.00558345434169516
2022-03-21,0.00147739684251591,-0.001978867474979107,-0.0002507353162315984
2022-03-22,-0.008255478301943286,-0.005343377480951039,-0.006799427891447163
2022-03-23,0.00224771576655991,-0.004345508707277679,-0.0010488964703588843
2022-03-24,0.006435196310576874,0.0057063648095430075,0.006070780560059941
2022-03-25,0.0017659959092612976,-0.0008079088815152735,0.00047904351387301203
2022-03-26,0.0010502828201885972,0.0035557855815364636,0.0023030342008625304
2022-03-27,0.013030137799894037,0.012522722382901863,0.01277643009139795
2022-03-28,0.001507913776463754,0.002896146736722116,0.002202030256592935
2022-03-29,0.0015949610531253988,0.005256100730612223,0.003425530891868811
2022-03-30,-0.0020228947631484306,-0.001217709344360829,-0.0016203020537546298
2022-03-31,-0.008409356157217829,-0.008181435600823628,-0.008295395879020728
2022-04-01,0.004202572537991722,0.013846386363439489,0.009024479450715606
2022-04-02,-0.002646332925239192,-0.0009499467503479853,-0.0017981398377935887
2022-04-03,0.003202616940907843,0.005890303541638664,0.0045464602412732535
2022-04-04,0.0008640894038143276,-0.00025894101256218605,0.0003025741956260708
2022-04-05,-0.005930285652030243,-0.008488784953672557,-0.0072095353028514
2022-04-06,-0.012955747280111063,-0.018493418892726043,-0.015724583086418553
2022-04-07,0.0015211366972340823,0.0047931504459306495,0.003157143571582366
2022-04-08,-0.0069860467836035944,-0.0029157532844017453,-0.00495090003400267
2022-04-09,0.0029161730130005115,0.005374756582585238,0.004145464797792875
2022-04-10,-0.0035808653238907917,-0.004562032028685548,-0.00407144867628817
2022-04-11,-0.0068186406447817705,-0.01841916622501949,-0.01261890343490063
2022-04-12,0.003012169479583493,0.004151825905734485,0.003581997692658989
2022-04-13,0.0066660902626489715,0.007795082903740758,0.007230586583194865
2022-04-14,-0.007452679829668352,-0.008203296642670721,-0.007827988236169536
2022-04-15,-0.006276897924888281,0.0015385351191552488,-0.002369181402866516
2022-04-16,0.0013689265245975246,0.001542494771146874,0.0014557106478721993
2022-04-17,0.005878089369936168,-0.006204973088179355,-0.0001634418591215936
2022-04-18,-0.009860779019010946,-0.0042716618786139415,-0.007066220448812444
2022-04-19,-0.0034893054013652725,0.0035015470487649303,6.1208236998289145e-06
2022-04-20,0.0004950792271964932,-0.002261194650400311,-0.0008830577116019089
2022-04-21,-0.012121913854943767,-0.010064749674202789,-0.011093331764573278
2022-04-22,0.005938254858578018,-0.0023454037774600645,0.0017964255405589769
2022-04-23,0.0022196461694521386,-0.0026862317084827003,-0.00023329276951528088
2022-04-24,-0.00017798185207384964,-0.001157938306599271,-0.0006679600793365603
2022-04-25,-0.008632042713519028,-0.011390486680774026,-0.010011264697146527
2022-04-26,0.01962508707382482,0.02099690820258182,0.02031099763820332
2022-04-27,-0.010262103291249547,-0.009402572554110034,-0.00983233792267979
2022-04-28,-0.00455248900659444,-0.005573086923019721,-0.005062787964807081
2022-04-29,0.009837312345009286,0.013348993041515378,0.011593152693262332
2022-04-30,0.008518870473774198,0.010488484693796707,0.009503677583785453
2022-05-01,-0.00777645336673316,-0.011966163709811406,-0.009871308538272283
2022-05-02,-0.0006125446403025814,-0.003802059366114885,-0.002207302003208733
2022-05-03,0.0070215413937768645,0.008538527731894119,0.007780034562835492
2022-05-04,-0.018022413720338193,-0.018936004405191054,-0.018479209062764623
2022-05-05,0.02714473408472462,0.02150157519223428,0.02432315463847945
2022-05-06,0.004981995675701567,0.006513941645962307,0.005747968660831937
2022-05-07,0.005079003156237105,0.00694190183162946,0.006010452493933283
2022-05-08,0.013833125162766358,0.014366315355966552,0.014099720259366455
2022-05-09,0.040025246877060994,0.03799647486576241,0.0390108608714117
2022-05-10,-0.010887121842319103,-0.0168894420272917,-0.013888281934805402
2022-05-11,0.021160806909959806,0.03608617180956175,0.02862348935976078
2022-05-12,0.0007753824158553968,0.01962974509140336,0.010202563753629379
2022-05-13,-0.003159020816031255,-0.008418997736523881,-0.005789009276277568
2022-05-14,-0.009516804341364704,-0.0077745528297946676,-0.008645678585579686
2022-05-15,-0.01433649062709752,-0.014336232702546803,-0.014336361664822161
2022-05-16,0.015906222566822947,0.01859266887252997,0.01724944571967646
2022-05-17,-0.0066918443893123625,-0.011023795452322904,-0.008857819920817633
2022-05-18,0.019481991329631798,0.027592470717297868,0.023537231023464833
2022-05-19,-0.01935941646715189,-0.018077851873399386,-0.01871863417027564
2022-05-20,0.012611350650856501,0.009772445201930546,0.011191897926393524
2022-05-21,-0.0029846710383580888,-0.0027897409411723473,-0.002887205989765218
2022-05-22,-0.010042212024272468,-0.011469501233646318,-0.010755856628959393
2022-05-23,0.013379534512222735,0.011174969146902747,0.01227725182956274
2022-05-24,-0.006563075150149533,-0.001116348609839779,-0.003839711879994656
2022-05-25,0.0012036195193505517,0.006026956893849134,0.0036152882065998426
2022-05-26,0.0038735895941015563,0.025425105218486177,0.014649347406293867
2022-05-27,0.006644200126418198,0.011850422498862034,0.009247311312640116
2022-05-28,-0.00493845484760036,-0.012495717163218512,-0.008717086005409436
2022-05-29,-0.005290055981662656,-0.004039112944579704,-0.00466458446312118
2022-05-30,-0.026614682364628384,-0.03375318461452481,-0.030183933489576598
2022-05-31,-0.0008293262576590799,0.009282886917941324,0.004226780330141122
2022-06-01,0.02152609528802052,0.020944249267392356,0.021235172277706438
2022-06-02,-0.007584458283085627,-0.0030240229122474593,-0.005304240597666543
2022-06-03,0.008414415983089674,0.010499253164322209,0.009456834573705941
2022-06-04,-0.0020050865735908863,-0.005570274709242651,-0.0037876806414167685
2022-06-05,-0.0007402985865200273,-0.00040034232489094546,-0.0005703204557054864
2022-06-06,-0.016855976962644847,-0.00988397279465747,-0.013369974878651159
2022-06-07,0.002619220141644396,0.008145550304120786,0.005382385222882591
2022-06-08,0.010092761213587709,0.003800889661230933,0.006946825437409321
2022-06-09,0.0009790454177112107,0.000465930025991268,0.0007224877218512393
2022-06-10,0.011552828379255864,0.023104551436185394,0.01732868990772063
2022-06-11,0.007802830924688697,0.02567810745143362,0.016740469188061158
2022-06-12,0.022336186927669477,0.020988725175474787,0.021662456051572132
2022-06-13,0.05291799824007959,0.051603268223469945,0.05226063323177477
2022-06-14,0.0052776289205762605,0.00015179856970393146,0.002714713745140096
2022-06-15,-0.007069704943921895,-0.00790385849760078,-0.007486781720761337
2022-06-16,0.033211623680443836,0.044928511125399195,0.039070067402921516
2022-06-17,-0.0012440552024453044,-0.00578844861068184,-0.0035162519065635722
2022-06-18,0.025127002634514284,0.02774791316694336,0.026437457900728822
2022-06-19,-0.029237722802762045,-0.04429329456690512,-0.03676550868483358
2022-06-20,-0.00010158067632259904,-1.4185601911242962e-05,-5.7883139116921e-05
2022-06-21,-0.0026106981152077546,0.0005994695085240753,-0.0010056143033418397
2022-06-22,0.012132490846423316,0.022056361226994614,0.017094426036708965
2022-06-23,-0.01945772507874144,-0.029774053570905457,-0.024615889324823448
2022-06-24,-0.0021865865203382073,-0.023225270850289026,-0.012705928685313617
2022-06-25,-0.004218427881062969,-0.004765465838260874,-0.004491946859661922
2022-06-26,0.007165202454571862,0.011728415486256694,0.009446808970414278
2022-06-27,0.00473903410533949,0.0013543598849425909,0.0030466969951410405
2022-06-28,0.007562992979439187,0.013298249492148972,0.01043062123579408
2022-06-29,0.0025870578157711765,0.012534392633003932,0.0075607252243875545
2022-06-30,0.0029940314957004333,0.008650901961624324,0.005822466728662379
2022-07-01,0.011347833344238945,0.0033733121881165395,0.007360572766177742
2022-07-02,0.00037919014070353363,-0.002363690297267129,-0.0009922500782817978
2022-07-03,-0.0012318778520084006,-0.0023389688668881137,-0.0017854233594482571
2022-07-04,-0.016539163096349507,-0.023649588031940394,-0.02009437556414495
2022-07-05,0.0009337087797665067,0.005200018578359611,0.003066863679063059
2022-07-06,-0.006744834916210807,-0.015839069406875073,-0.01129195216154294
2022-07-07,-0.017881288578985077,-0.01424661445532771,-0.016063951517156394
2022-07-08,0.00037850395102778656,0.006148395317717048,0.0032634496343724173
2022-07-09,-5.6807962299454395e-05,-0.0009081382057790632,-0.0004824730840392588
2022-07-10,0.011541913225196598,0.013082617501292138,0.012312265363244368
2022-07-11,0.014749977071109921,0.020206218966301703,0.017478098018705812
2022-07-12,0.010859804544439466,0.017287117442629008,0.014073460993534237
2022-07-13,-0.016264918528659078,-0.024357084009740126,-0.020311001269199602
2022-07-14,-0.006134094549697933,-0.02328582629009801,-0.014709960419897972
2022-07-15,-0.004142155552525506,-0.010549333935971239,-0.0073457447442483725
2022-07-16,-0.006153601713435375,-0.033461738156562726,-0.01980766993499905
2022-07-17,0.006360934633679705,0.004083326627245976,0.00522213063046284
2022-07-18,-0.02719525304815751,-0.05979401939862028,-0.043494636223388894
2022-07-19,-0.014918892881755852,0.0,-0.007459446440877926
2022-07-20,0.002450424641776028,0.0,0.001225212320888014
2022-07-21,0.0009521929875944135,0.0,0.00047609649379720675
2022-07-22,0.006855771620333462,0.0,0.003427885810166731
2022-07-23,0.0034490774139357416,0.0,0.0017245387069678708
2022-07-24,-0.0020782882286802806,0.0,-0.0010391441143401403
2022-07-25,0.019268293156470273,0.0,0.009634146578235137
2022-07-26,-0.0017815919728041418,0.0,-0.0008907959864020709
2022-07-27,0.022320048610808607,0.0,0.011160024305404304
2022-07-28,0.010797571552400687,0.0,0.005398785776200343
2022-07-29,-0.0008979543759616293,0.0,-0.00044897718798081465
2022-07-30,-0.0016207020340924805,0.0,-0.0008103510170462402
2022-07-31,-0.004238407591581672,0.0,-0.002119203795790836
2022-08-01,-0.00038890760492438226,0.0,-0.00019445380246219113
2022-08-02,-0.003462007907134468,0.0,-0.001731003953567234
2022-08-03,-0.002151283201038634,0.0,-0.001075641600519317
2022-08-04,-0.0024858507552051323,0.0,-0.0012429253776025662
2022-08-05,0.008463548967700962,0.0,0.004231774483850481
2022-08-06,-0.004393899236845522,0.0,-0.002196949618422761
2022-08-07,0.0026062615986435222,0.0,0.0013031307993217611
2022-08-08,0.007608659837637477,0.0,0.0038043299188187385
2022-08-09,-0.007859489498731165,0.0,-0.003929744749365582
2022-08-10,0.009658172937877518,0.0,0.004829086468938759
2022-08-11,-0.00031434486078041335,0.0,-0.00015717243039020667
2022-08-12,0.005415330384049399,0.0,0.0027076651920246997
2022-08-13,0.00034915552432224217,0.0,0.00017457776216112109
2022-08-14,-0.0016464363073798172,0.0,-0.0008232181536899086
2022-08-15,-0.002512371464738594,0.0,-0.001256185732369297
2022-08-16,-0.0028788399081758342,0.0,-0.0014394199540879171
2022-08-17,-0.006105099036411099,0.0,-0.0030525495182055495
2022-08-18,-0.0019040538550960662,0.0,-0.0009520269275480331
2022-08-19,-0.028587999275469955,0.0,-0.014293999637734978
2022-08-20,0.0040310326268113705,0.0,0.0020155163134056853
2022-08-21,0.004898410149085652,0.0,0.002449205074542826
2022-08-22,-0.0015934668733476043,0.0,-0.0007967334366738021
2022-08-23,0.0016104155947296306,0.0,0.0008052077973648153
2022-08-24,-0.0021821646084188018,0.0,-0.0010910823042094009
2022-08-25,-0.0038314788030104907,0.0,-0.0019157394015052454
2022-08-26,0.019224517087188753,0.0,0.009612258543594376
2022-08-27,0.0030815853120271797,0.0,0.0015407926560135898
2022-08-28,0.007506733813791078,0.0,0.003753366906895539
2022-08-29,-0.01189344780437196,0.0,-0.00594672390218598
2022-08-30,0.007290373981568621,0.0,0.0036451869907843104
2022-08-31,-0.003896888694623679,0.0,-0.0019484443473118396
2022-09-01,-0.0013784120021311796,0.0,-0.0006892060010655898
2022-09-02,0.0027244883640924478,0.0,0.0013622441820462239
2022-09-03,0.0018052330174314069,0.0,0.0009026165087157034
2022-09-04,-0.0027782142778951524,0.0,-0.0013891071389475762
2022-09-05,0.0031199785404329994,0.0,0.0015599892702164997
2022-09-06,0.015967600116307157,0.0,0.007983800058153578
2022-09-07,-0.008541191401223003,0.0,-0.004270595700611501
2022-09-08,-0.0005359173325159006,0.0,-0.0002679586662579503
2022-09-09,-0.0334689210566147,0.0,-0.01673446052830735
2022-09-10,-0.0043590766310283025,0.0,-0.0021795383155141512
2022-09-11,-0.002700933092670943,0.0,-0.0013504665463354715
2022-09-12,-0.0032075347738353965,0.0,-0.0016037673869176983
2022-09-13,0.03078220587879721,0.0,0.015391102939398604
2022-09-14,-0.0009272353019590396,0.0,-0.0004636176509795198
2022-09-15,0.008104982461951238,0.0,0.004052491230975619
2022-09-16,-0.0017215709438229698,0.0,-0.0008607854719114849
2022-09-17,-0.005046813331912148,0.0,-0.002523406665956074
2022-09-18,0.010863056323788367,0.0,0.0054315281618941835
2022-09-19,-0.0020615863002185764,0.0,-0.0010307931501092882
2022-09-20,0.010613530713879937,0.0,0.005306765356939969
2022-09-21,0.006830593401731644,0.0,0.003415296700865822
2022-09-22,-0.016190067575915346,0.0,-0.008095033787957673
2022-09-23,0.0017249039584161796,0.0,0.0008624519792080898
2022-09-24,0.00595703783741075,0.0,0.002978518918705375
2022-09-25,0.001794560627064623,0.0,0.0008972803135323115
2022-09-26,-0.007159361442872547,0.0,-0.0035796807214362736
2022-09-27,0.0023489683649562387,0.0,0.0011744841824781194
2022-09-28,-0.005621860087239194,0.0,-0.002810930043619597
2022-09-29,-0.003003651319067435,0.0,-0.0015018256595337176
2022-09-30,0.0026295954893866824,0.0,0.0013147977446933412
2022-10-01,0.001721962105849295,0.0,0.0008609810529246475
2022-10-02,0.004064259688168592,0.0,0.002032129844084296
2022-10-03,-0.009584838959672548,0.0,-0.004792419479836274
2022-10-04,-0.011505081660896699,0.0,-0.005752540830448349
2022-10-05,0.002695260551793144,0.0,0.001347630275896572
2022-10-06,0.003002764972771521,0.0,0.0015013824863857606
2022-10-07,0.006722110836305806,0.0,0.003361055418152903
2022-10-08,0.001719568949861472,0.0,0.000859784474930736
2022-10-09,-0.0004375441568974514,0.0,-0.0002187720784487257
2022-10-10,0.004898468453385485,0.0,0.0024492342266927425
2022-10-11,0.0010923282528343403,0.0,0.0005461641264171702
2022-10-12,-0.0016786986417830496,0.0,-0.0008393493208915248
2022-10-13,-0.0037176297349860166,0.0,-0.0018588148674930083
2022-10-14,0.003137916047583289,0.0,0.0015689580237916445
2022-10-15,0.0016773437570283267,0.0,0.0008386718785141634
2022-10-16,-0.0033029595166715886,0.0,-0.0016514797583357943
2022-10-17,-0.004801173888347998,0.0,-0.002400586944173999
2022-10-18,0.0035005302121011717,0.0,0.0017502651060505858
2022-10-19,0.0032320606007310015,0.0,0.0016160303003655008
2022-10-20,0.0012610391455092351,0.0,0.0006305195727546176
2022-10-21,-0.0021269617205936786,0.0,-0.0010634808602968393
2022-10-22,-0.0007540658849436443,0.0,-0.0003770329424718222
2022-10-23,-0.006118319613491741,0.0,-0.0030591598067458703
2022-10-24,0.0037916129414878874,0.0,0.0018958064707439437
2022-10-25,-0.012362063012978486,0.0,-0.006181031506489243
2022-10-26,-0.01097780672332005,0.0,-0.005488903361660025
2022-10-27,0.007154295606216499,0.0,0.0035771478031082493
2022-10-28,-0.004715201143685843,0.0,-0.0023576005718429216
2022-10-29,0.004664928977402338,0.0,0.002332464488701169
2022-10-30,-0.005343221398049436,0.0,-0.002671610699024718
2022-10-31,-0.00408868367216797,0.0,-0.002044341836083985
2022-11-01,-0.0003820621207922814,0.0,-0.0001910310603961407
2022-11-02,-0.009734762290639187,0.0,-0.004867381145319594
2022-11-03,0.001462167665322811,0.0,0.0007310838326614055
2022-11-04,0.02729200469975268,0.0,0.01364600234987634
2022-11-05,0.004031956676965764,0.0,0.002015978338482882
2022-11-06,-0.011086642549903436,0.0,-0.005543321274951718
2022-11-07,-0.009052691437044014,0.0,-0.004526345718522007
2022-11-08,-0.018744839585766115,0.0,-0.009372419792883058
2022-11-09,-0.01966710696874674,0.0,-0.00983355348437337
2022-11-10,0.06111779150165919,0.0,0.030558895750829596
2022-11-11,-0.017973508976445673,0.0,-0.008986754488222837
2022-11-12,-0.009103436049817115,0.0,-0.004551718024908558
2022-11-13,0.003989627896018089,0.0,0.0019948139480090443
2022-11-14,-0.003290276661173208,0.0,-0.001645138330586604
2022-11-15,-0.0031405863518363386,0.0,-0.0015702931759181693
2022-11-16,0.0025123808034819284,0.0,0.0012561904017409642
2022-11-17,-0.00038100772931104476,0.0,-0.00019050386465552238
2022-11-18,-0.00014096384020301223,0.0,-7.048192010150611e-05
2022-11-19,-5.724405757612239e-05,0.0,-2.8622028788061193e-05
2022-11-20,0.004538267064857493,0.0,0.0022691335324287465
2022-11-21,0.005536453909428474,0.0,0.002768226954714237
2022-11-22,-0.005206632608352857,0.0,-0.0026033163041764285
2022-11-23,-0.004283984193649837,0.0,-0.0021419920968249184
2022-11-24,-9.020578210616748e-06,0.0,-4.510289105308374e-06
2022-11-25,0.0007894838710305052,0.0,0.0003947419355152526
2022-11-26,0.0006472117794600329,0.0,0.00032360588973001647
2022-11-27,0.00027548176099223554,0.0,0.00013774088049611777
2022-11-28,0.0023424619643606093,0.0,0.0011712309821803046
2022-11-29,-0.0026385669275293955,0.0,-0.0013192834637646977
2022-11-30,-0.008055818320823804,0.0,-0.004027909160411902
2022-12-01,-0.0019525792113698204,0.0,-0.0009762896056849102
2022-12-02,-0.0015698159555044278,0.0,-0.0007849079777522139
2022-12-03,0.002160434277121537,0.0,0.0010802171385607684
2022-12-04,-0.0024371524128666833,0.0,-0.0012185762064333416
2022-12-05,0.001431485515574149,0.0,0.0007157427577870745
2022-12-06,-0.0013731508813976667,0.0,-0.0006865754406988334
2022-12-07,0.002638986635560947,0.0,0.0013194933177804735
2022-12-08,-0.004253167681083303,0.0,-0.0021265838405416515
2022-12-09,0.0009572319005000107,0.0,0.00047861595025000536
2022-12-10,-4.3334803671579714e-05,0.0,-2.1667401835789857e-05
2022-12-11,0.00039733024683119567,0.0,0.00019866512341559783
2022-12-12,-0.0013871628283042003,0.0,-0.0006935814141521002
2022-12-13,-0.0032633441475657943,0.0,-0.0016316720737828971
2022-12-14,-0.0060768608494494725,0.0,-0.0030384304247247362
2022-12-15,0.004248646297589698,0.0,0.002124323148794849
2022-12-16,0.007557788954568823,0.0,0.0037788944772844113
2022-12-17,-0.0016386604315182796,0.0,-0.0008193302157591398
2022-12-18,0.0003618753238212591,0.0,0.00018093766191062954
2022-12-19,0.0032078197375102757,0.0,0.0016039098687551379
2022-12-20,-0.0051229563616421725,0.0,-0.0025614781808210862
2022-12-21,0.0007107390597438368,0.0,0.0003553695298719184
2022-12-22,-1.9598555864863698e-05,0.0,-9.799277932431849e-06
2022-12-23,0.00041086969052894773,0.0,0.00020543484526447386
2022-12-24,-0.0006812533625999428,0.0,-0.0003406266812999714
2022-12-25,-1.1278631310562837e-05,0.0,-5.639315655281418e-06
2022-12-26,-0.001000734002523318,0.0,-0.000500367001261659
2022-12-27,0.0022423276234206924,0.0,0.0011211638117103462
2022-12-28,0.0016821410243825774,0.0,0.0008410705121912887
2022-12-29,-0.0010046676070497584,0.0,-0.0005023338035248792
2022-12-30,0.000230330629883424,0.0,0.000115165314941712
2022-12-31,0.0006601925598728187,0.0,0.00033009627993640933
2023-01-01,-0.0008747026329303242,0.0,-0.0004373513164651621
2023-01-02,-0.0006708832483318661,0.0,-0.00033544162416593304
2023-01-03,-8.000804720453836e-05,0.0,-4.000402360226918e-05
2023-01-04,-0.0019713253904628525,0.0,-0.0009856626952314262
2023-01-05,0.00014567570883650127,0.0,7.283785441825064e-05
2023-01-06,-0.0013423899928476368,0.0,-0.0006711949964238184
2023-01-07,2.1469908778382063e-05,0.0,1.0734954389191032e-05
2023-01-08,-0.0020387341760372824,0.0,-0.0010193670880186412
2023-01-09,-0.0005918903473539627,0.0,-0.00029594517367698137
2023-01-10,0.02112037276476575,0.0,0.010560186382382875
2023-01-11,0.045612671289871676,0.0,0.022806335644935838
2023-01-12,0.08004507754245949,0.0,0.04002253877122974
2023-01-13,0.09146389198259963,0.0,0.045731945991299816
2023-01-14,0.08177263897362042,0.0,0.04088631948681021
2023-01-15,-0.0068471295538887755,0.0,-0.0034235647769443878
2023-01-16,0.023594492049312743,0.0,0.011797246024656372
2023-01-17,-0.004318096110028424,0.0,-0.002159048055014212
2023-01-18,-0.03509063173116267,0.0,-0.017545315865581335
2023-01-19,0.030006262156706542,0.0,0.015003131078353271
2023-01-20,0.12063655548890262,0.0,0.06031827774445131
2023-01-21,0.007729382120383432,0.0,0.003864691060191716
2023-01-22,-0.0057920189294435875,0.0,-0.0028960094647217938
2023-01-23,0.014210983857073645,0.0,0.007105491928536822
2023-01-24,-0.020270864407640032,0.0,-0.010135432203820016
2023-01-25,0.029770155551426702,0.0,0.014885077775713351
2023-01-26,-0.004037183890068685,0.0,-0.0020185919450343426
2023-01-27,0.004004393926499983,0.0,0.0020021969632499914
2023-01-28,-0.004053861569179307,0.0,-0.0020269307845896534
2023-01-29,0.04951992155986362,0.0,0.02475996077993181
2023-01-30,-0.062198220156542416,0.0,-0.031099110078271208
2023-01-31,0.020469981566405338,0.0,0.010234990783202669
2023-02-01,0.0415399959203786,0.0,0.0207699979601893
2023-02-02,-0.016905218209111172,0.0,-0.008452609104555586
2023-02-03,-0.004363903362081922,0.0,-0.002181951681040961
2023-02-04,-0.007651180611214059,0.0,-0.0038255903056070295
2023-02-05,-0.027490414576150868,0.0,-0.013745207288075434
2023-02-06,-0.012363644895635018,0.0,-0.006181822447817509
2023-02-07,0.03310349783236566,0.0,0.01655174891618283
2023-02-08,-0.019575132120995153,0.0,-0.009787566060497577
2023-02-09,-0.08174093859222864,0.0,-0.04087046929611432
2023-02-10,-0.013039824146456769,0.0,-0.006519912073228384
2023-02-11,0.017075873255885332,0.0,0.008537936627942666
2023-02-12,-0.00626015669878921,0.0,-0.003130078349394605
2023-02-13,-0.0011825096665217805,0.0,-0.0005912548332608902
2023-02-14,0.030803293755582217,0.0,0.015401646877791109
2023-02-15,0.15256488824544712,0.0,0.07628244412272356
2023-02-16,-0.05350080730784801,0.0,-0.026750403653924004
2023-02-17,0.07108414315381051,0.0,0.035542071576905254
2023-02-18,0.003554924857242625,0.0,0.0017774624286213125
2023-02-19,-0.023868402056278715,0.0,-0.011934201028139357
2023-02-20,0.037110782244612395,0.0,0.018555391122306197
2023-02-21,-0.025592329322959517,0.0,-0.012796164661479759
2023-02-22,-0.018137645889461762,0.0,-0.009068822944730881
2023-02-23,-0.01648676633764279,0.0,-0.008243383168821394
2023-02-24,-0.0509155475591484,0.0,-0.0254577737795742
2023-02-25,-0.0024266077325717506,0.0,-0.0012133038662858753
2023-02-26,0.026994683465305647,0.0,0.013497341732652823
2023-02-27,-0.004741441614686148,0.0,-0.002370720807343074
2023-02-28,-0.024344860613558894,0.0,-0.012172430306779447
2023-03-01,0.03320725214595033,0.0,0.016603626072975164
2023-03-02,-0.011557340607854738,0.0,-0.005778670303927369
2023-03-03,-0.07620679386288687,0.0,-0.038103396931443434
2023-03-04,0.0,0.0,0.0
2023-03-05,0.0,0.0,0.0
2023-03-06,0.0,0.0,0.0
2023-03-07,0.0,0.0,0.0
2023-03-08,0.0,0.0,0.0
2023-03-09,0.0,0.0,0.0
2023-03-10,0.0,0.0,0.0
2023-03-11,0.0,0.0,0.0
2023-03-12,0.0,0.0,0.0
2023-03-13,0.0,0.0,0.0
2023-03-14,0.0,0.0,0.0
2023-03-15,0.0,0.0,0.0
2023-03-16,0.0,0.0,0.0
2023-03-17,0.0,0.0,0.0
2023-03-18,0.0,0.0,0.0
2023-03-19,0.0,0.0,0.0
2023-03-20,0.0,0.0,0.0
2023-03-21,0.0,0.0,0.0
2023-03-22,0.0,0.0,0.0
2023-03-23,0.0,0.0,0.0
2023-03-24,0.0,0.0,0.0
2023-03-25,0.0,0.0,0.0
2023-03-26,0.0,0.0,0.0
2023-03-27,0.0,0.0,0.0
2023-03-28,0.0,0.0,0.0
2023-03-29,0.0,0.0,0.0
2023-03-30,0.0,0.0,0.0
2023-03-31,0.0,0.0,0.0
2023-04-01,0.0,0.0,0.0
2023-04-02,0.0,0.0,0.0
2023-04-03,0.0,0.0,0.0
2023-04-04,0.0,0.0,0.0
2023-04-05,0.0,0.0,0.0
2023-04-06,0.0,0.0,0.0
2023-04-07,0.0,0.0,0.0
2023-04-08,0.0,0.0,0.0
2023-04-09,0.0,0.0,0.0
2023-04-10,0.0,0.0,0.0
2023-04-11,0.0,0.0,0.0
2023-04-12,0.0,0.0,0.0
2023-04-13,0.0,0.0,0.0
2023-04-14,0.0,0.0,0.0
2023-04-15,0.0,0.0,0.0
2023-04-16,0.0,0.0,0.0
2023-04-17,0.0,0.0,0.0
2023-04-18,0.0,0.0,0.0
2023-04-19,0.0,0.0,0.0
2023-04-20,0.0,0.0,0.0
2023-04-21,0.0,0.0,0.0
2023-04-22,0.0,0.0,0.0
2023-04-23,0.0,0.0,0.0
2023-04-24,0.0,0.0,0.0
2023-04-25,0.0,0.0,0.0
2023-04-26,0.0,0.0,0.0
2023-04-27,0.0,0.0,0.0
2023-04-28,0.0,0.0,0.0
2023-04-29,0.0,0.0,0.0
2023-04-30,0.0,0.0,0.0
2023-05-01,0.0,0.0,0.0
2023-05-02,0.0,0.0,0.0
2023-05-03,0.0,0.0,0.0
2023-05-04,0.0,0.0,0.0
2023-05-05,0.0,0.0,0.0
2023-05-06,0.0,0.0,0.0
2023-05-07,0.0,0.0,0.0
2023-05-08,0.0,0.0,0.0
2023-05-09,0.0,0.0,0.0
2023-05-10,0.0,0.0,0.0
2023-05-11,0.0,0.0,0.0
2023-05-12,0.0,0.0,0.0
2023-05-13,0.0,0.0,0.0
2023-05-14,0.0,0.0,0.0
2023-05-15,0.0,0.0,0.0
2023-05-16,0.0,0.0,0.0
2023-05-17,0.0,0.0,0.0
2023-05-18,0.0,0.0,0.0
2023-05-19,0.0,0.0,0.0
2023-05-20,0.0,0.0,0.0
2023-05-21,0.0,0.0,0.0
2023-05-22,0.0,0.0,0.0
2023-05-23,0.0,0.0,0.0
2023-05-24,0.0,0.0,0.0
2023-05-25,0.0,0.0,0.0
2023-05-26,0.0,0.0,0.0
2023-05-27,0.0,0.0,0.0
2023-05-28,0.0,0.0,0.0
2023-05-29,0.0,0.0,0.0
2023-05-30,0.0,0.0,0.0
2023-05-31,0.0,0.0,0.0
2023-06-01,0.0,0.0,0.0
2023-06-02,0.0,0.0,0.0
2023-06-03,0.0,0.0,0.0
2023-06-04,0.0,0.0,0.0
2023-06-05,0.0,0.0,0.0
2023-06-06,0.0,0.0,0.0
2023-06-07,0.0,0.0,0.0
2023-06-08,0.0,0.0,0.0
2023-06-09,0.0,0.0,0.0
2023-06-10,0.0,0.0,0.0
2023-06-11,0.0,0.0,0.0
2023-06-12,0.0,0.0,0.0
2023-06-13,0.0,0.0,0.0
2023-06-14,0.0,0.0,0.0
2023-06-15,0.0,0.0,0.0
2023-06-16,0.0,0.0,0.0
2023-06-17,0.0,0.0,0.0
2023-06-18,0.0,0.0,0.0
2023-06-19,0.0,0.0,0.0
2023-06-20,0.0,0.0,0.0
2023-06-21,0.0,0.0,0.0
2023-06-22,0.0,0.0,0.0
2023-06-23,0.0,0.0,0.0
2023-06-24,0.0,0.0,0.0
2023-06-25,0.0,0.0,0.0
2023-06-26,0.0,0.0,0.0
2023-06-27,0.0,0.0,0.0
2023-06-28,0.0,0.0,0.0
2023-06-29,0.0,0.0,0.0
2023-06-30,0.0,0.0,0.0
2023-07-01,0.0,0.0,0.0
2023-07-02,0.0,0.0,0.0
2023-07-03,0.0,0.0,0.0
2023-07-04,0.0,0.0,0.0
2023-07-05,0.0,0.0,0.0
2023-07-06,0.0,0.0,0.0
2023-07-07,0.0,0.0,0.0
2023-07-08,0.0,0.0,0.0
2023-07-09,0.0,0.0,0.0
2023-07-10,0.0,0.0,0.0
2023-07-11,0.0,0.0,0.0
2023-07-12,0.0,0.0,0.0
2023-07-13,0.0,0.0,0.0
2023-07-14,0.0,0.0,0.0
2023-07-15,0.0,0.0,0.0
2023-07-16,0.0,0.0,0.0
2023-07-17,0.0,0.0,0.0
2023-07-18,0.0,0.0,0.0
2023-07-19,0.0,0.0,0.0
2023-07-20,0.0,0.0,0.0
2023-07-21,0.0,0.0,0.0
2023-07-22,0.0,0.0,0.0
2023-07-23,0.0,0.0,0.0
2023-07-24,0.0,0.0,0.0
2023-07-25,0.0,0.0,0.0
2023-07-26,0.0,0.0,0.0
2023-07-27,0.0,0.0,0.0
2023-07-28,0.0,0.0,0.0
2023-07-29,0.0,0.0,0.0
2023-07-30,0.0,0.0,0.0
2023-07-31,0.0,0.0,0.0
2023-08-01,0.0,0.0,0.0
2023-08-02,0.0,0.0,0.0
2023-08-03,0.0,0.0,0.0
2023-08-04,0.0,0.0,0.0
2023-08-05,0.0,0.0,0.0
2023-08-06,0.0,0.0,0.0
2023-08-07,0.0,0.0,0.0
2023-08-08,0.0,0.0,0.0
2023-08-09,0.0,0.0,0.0
2023-08-10,0.0,0.0,0.0
2023-08-11,0.0,0.0,0.0
2023-08-12,0.0,0.0,0.0
2023-08-13,0.0,0.0,0.0
2023-08-14,0.0,0.0,0.0
2023-08-15,0.0,0.0,0.0
2023-08-16,0.0,0.0,0.0
2023-08-17,0.0,0.0,0.0
2023-08-18,0.0,0.0,0.0
2023-08-19,0.0,0.0,0.0
2023-08-20,0.0,0.0,0.0
2023-08-21,0.0,0.0,0.0
2023-08-22,0.0,0.0,0.0
2023-08-23,0.0,0.0,0.0
2023-08-24,0.0,0.0,0.0
2023-08-25,0.0,0.0,0.0
2023-08-26,0.0,0.0,0.0
2023-08-27,0.0,0.0,0.0
2023-08-28,0.0,0.0,0.0
2023-08-29,0.0,0.0,0.0
2023-08-30,0.0,0.0,0.0
2023-08-31,0.0,0.0,0.0
2023-09-01,0.0,0.0,0.0
2023-09-02,0.0,0.0,0.0
2023-09-03,0.0,0.0,0.0
2023-09-04,0.0,0.0,0.0
2023-09-05,0.0,0.0,0.0
2023-09-06,0.0,0.0,0.0
2023-09-07,0.0,0.0,0.0
2023-09-08,0.0,0.0,0.0
2023-09-09,0.0,0.0,0.0
2023-09-10,0.0,0.0,0.0
2023-09-11,0.0,0.0,0.0
2023-09-12,0.0,0.0,0.0
2023-09-13,0.0,0.0,0.0
2023-09-14,0.0,0.0,0.0
2023-09-15,0.0,0.0,0.0
2023-09-16,0.0,0.0,0.0
2023-09-17,0.0,0.0,0.0
2023-09-18,0.0,0.0,0.0
2023-09-19,0.0,0.0,0.0
2023-09-20,0.0,0.0,0.0
2023-09-21,0.0,0.0,0.0
2023-09-22,0.0,0.0,0.0
2023-09-23,0.0,0.0,0.0
2023-09-24,0.0,0.0,0.0
2023-09-25,0.0,0.0,0.0
2023-09-26,0.0,0.0,0.0
2023-09-27,0.0,0.0,0.0
2023-09-28,0.0,0.0,0.0
2023-09-29,0.0,0.0,0.0
2023-09-30,0.0,0.0,0.0
2023-10-01,0.0,0.0,0.0
2023-10-02,0.0,0.0,0.0
2023-10-03,0.0,0.0,0.0
2023-10-04,0.0,0.0,0.0
2023-10-05,0.0,0.0,0.0
2023-10-06,0.0,0.0,0.0
2023-10-07,0.0,0.0,0.0
2023-10-08,0.0,0.0,0.0
2023-10-09,0.0,0.0,0.0
2023-10-10,0.0,0.0,0.0
2023-10-11,0.0,0.0,0.0
2023-10-12,0.0,0.0,0.0
2023-10-13,0.0,0.0,0.0
2023-10-14,0.0,0.0,0.0
2023-10-15,0.0,0.0,0.0
2023-10-16,0.0,0.0,0.0
2023-10-17,0.0,0.0,0.0
2023-10-18,0.0,0.0,0.0
2023-10-19,0.0,0.0,0.0
2023-10-20,0.0,0.0,0.0
2023-10-21,0.0,0.0,0.0
2023-10-22,0.0,0.0,0.0
2023-10-23,0.0,0.0,0.0
2023-10-24,0.0,0.0,0.0
2023-10-25,0.0,0.0,0.0
2023-10-26,0.0,0.0,0.0
2023-10-27,0.0,0.0,0.0
2023-10-28,0.0,0.0,0.0
2023-10-29,0.0,0.0,0.0
2023-10-30,0.0,0.0,0.0
2023-10-31,0.0,0.0,0.0
2023-11-01,0.0,0.0,0.0
2023-11-02,0.0,0.0,0.0
2023-11-03,0.0,0.0,0.0
2023-11-04,0.0,0.0,0.0
2023-11-05,0.0,0.0,0.0
2023-11-06,0.0,0.0,0.0
2023-11-07,0.0,0.0,0.0
2023-11-08,0.0,0.0,0.0
2023-11-09,0.0,0.0,0.0
2023-11-10,0.0,0.0,0.0
2023-11-11,0.0,0.0,0.0
2023-11-12,0.0,0.0,0.0
2023-11-13,0.0,0.0,0.0
2023-11-14,0.0,0.0,0.0
2023-11-15,0.0,0.0,0.0
2023-11-16,0.0,0.0,0.0
2023-11-17,0.0,0.0,0.0
2023-11-18,0.0,0.0,0.0
2023-11-19,0.0,0.0,0.0
2023-11-20,0.0,0.0,0.0
2023-11-21,0.0,0.0,0.0
2023-11-22,0.0,0.0,0.0
2023-11-23,0.0,0.0,0.0
2023-11-24,0.0,0.0,0.0
2023-11-25,0.0,0.0,0.0
2023-11-26,0.0,0.0,0.0
2023-11-27,0.0,0.0,0.0
2023-11-28,0.0,0.0,0.0
2023-11-29,0.0,0.0,0.0
2023-11-30,0.0,0.0,0.0
2023-12-01,0.0,0.0,0.0
2023-12-02,0.0,0.0,0.0
2023-12-03,0.0,0.0,0.0
2023-12-04,0.0,0.0,0.0
2023-12-05,0.0,0.0,0.0
2023-12-06,0.0,0.0,0.0
2023-12-07,0.0,0.0,0.0
2023-12-08,0.0,0.0,0.0
2023-12-09,0.0,0.0,0.0
2023-12-10,0.0,0.0,0.0
2023-12-11,0.0,0.0,0.0
2023-12-12,0.0,0.0,0.0
2023-12-13,0.0,0.0,0.0
2023-12-14,0.0,0.0,0.0
2023-12-15,0.0,0.0,0.0
2023-12-16,0.0,0.0,0.0
2023-12-17,0.0,0.0,0.0
2023-12-18,0.0,0.0,0.0
2023-12-19,0.0,0.0,0.0
2023-12-20,0.0,0.0,0.0
2023-12-21,0.0,0.0,0.0
2023-12-22,0.0,0.0,0.0
2023-12-23,0.0,0.0,0.0
2023-12-24,0.0,0.0,0.0
2023-12-25,0.0,0.0,0.0
2023-12-26,0.0,0.0,0.0
2023-12-27,0.0,0.0,0.0
2023-12-28,0.0,0.0,0.0
2023-12-29,0.0,0.0,0.0
2023-12-30,0.0,0.0,0.0
2023-12-31,0.0,0.0,0.0
2024-01-01,0.0,0.0,0.0
2024-01-02,0.0,0.0,0.0
2024-01-03,0.0,0.0,0.0
2024-01-04,0.0,0.0,0.0
2024-01-05,0.0,0.0,0.0
2024-01-06,0.0,0.0,0.0
2024-01-07,0.0,0.0,0.0
2024-01-08,0.0,0.0,0.0
2024-01-09,0.0,0.0,0.0
2024-01-10,0.0,0.0,0.0
2024-01-11,0.0,0.0,0.0
2024-01-12,0.0,0.0,0.0
2024-01-13,0.0,0.0,0.0
2024-01-14,0.0,0.0,0.0
2024-01-15,0.0,0.0,0.0
2024-01-16,0.0,0.0,0.0
2024-01-17,0.0,0.0,0.0
2024-01-18,0.0,0.0,0.0
2024-01-19,0.0,0.0,0.0
2024-01-20,0.0,0.0,0.0
2024-01-21,0.0,0.0,0.0
2024-01-22,0.0,0.0,0.0
2024-01-23,0.0,0.0,0.0
2024-01-24,0.0,0.0,0.0
2024-01-25,0.0,0.0,0.0
2024-01-26,0.0,0.0,0.0
2024-01-27,0.0,0.0,0.0
2024-01-28,0.0,0.0,0.0
2024-01-29,0.0,0.0,0.0
2024-01-30,0.0,0.0,0.0
2024-01-31,0.0,0.0,0.0
2024-02-01,0.0,0.0,0.0
2024-02-02,0.0,0.0,0.0
2024-02-03,0.0,0.0,0.0
2024-02-04,0.0,0.0,0.0
2024-02-05,0.0,0.0,0.0
2024-02-06,0.0,0.0,0.0
2024-02-07,0.0,0.0,0.0
2024-02-08,0.0,0.0,0.0
2024-02-09,0.0,0.0,0.0
2024-02-10,0.0,0.0,0.0
2024-02-11,0.0,0.0,0.0
2024-02-12,0.0,0.0,0.0
2024-02-13,0.0,0.0,0.0
2024-02-14,0.0,0.0,0.0
2024-02-15,0.0,0.0,0.0
2024-02-16,0.0,0.0,0.0
2024-02-17,0.0,0.0,0.0
2024-02-18,0.0,0.0,0.0
2024-02-19,0.0,0.0,0.0
2024-02-20,0.0,0.0,0.0
2024-02-21,0.0,0.0,0.0
2024-02-22,0.0,0.0,0.0
2024-02-23,0.0,0.0,0.0
2024-02-24,0.0,0.0,0.0
2024-02-25,0.0,0.0,0.0
2024-02-26,0.0,0.0,0.0
2024-02-27,0.0,0.0,0.0
2024-02-28,0.0,0.0,0.0
2024-02-29,0.0,0.0,0.0
2024-03-01,0.0,0.0,0.0
2024-03-02,0.0,0.0,0.0
2024-03-03,0.0,0.0,0.0
2024-03-04,0.0,0.0,0.0
2024-03-05,0.0,0.0,0.0
2024-03-06,0.0,0.0,0.0
2024-03-07,0.0,0.0,0.0
2024-03-08,0.0,0.0,0.0
2024-03-09,0.0,0.0,0.0
2024-03-10,0.0,0.0,0.0
2024-03-11,0.0,0.0,0.0
2024-03-12,0.0,0.0,0.0
2024-03-13,0.0,0.0,0.0
2024-03-14,0.0,0.0,0.0
2024-03-15,0.0,0.0,0.0
2024-03-16,0.0,0.0,0.0
2024-03-17,0.0,0.0,0.0
2024-03-18,0.0,0.0,0.0
2024-03-19,0.0,0.0,0.0
2024-03-20,0.0,0.0,0.0
2024-03-21,0.0,0.0,0.0
2024-03-22,0.0,0.0,0.0
2024-03-23,0.0,0.0,0.0
2024-03-24,0.0,0.0,0.0
2024-03-25,0.0,0.0,0.0
2024-03-26,0.0,0.0,0.0
2024-03-27,0.0,0.0,0.0
2024-03-28,0.0,0.0,0.0
2024-03-29,0.0,0.0,0.0
2024-03-30,0.0,0.0,0.0
2024-03-31,0.0,0.0,0.0
2024-04-01,0.0,0.0,0.0
2024-04-02,0.0,0.0,0.0
2024-04-03,0.0,0.0,0.0
2024-04-04,0.0,0.0,0.0
2024-04-05,0.0,0.0,0.0
2024-04-06,0.0,0.0,0.0
2024-04-07,0.0,0.0,0.0
2024-04-08,0.0,0.0,0.0
2024-04-09,0.0,0.0,0.0
2024-04-10,0.0,0.0,0.0
2024-04-11,0.0,0.0,0.0
2024-04-12,0.0,0.0,0.0
2024-04-13,0.0,0.0,0.0
2024-04-14,0.0,0.0,0.0
2024-04-15,0.0,0.0,0.0
2024-04-16,0.0,0.0,0.0
2024-04-17,0.0,0.0,0.0
2024-04-18,0.0,0.0,0.0
2024-04-19,0.0,0.0,0.0
2024-04-20,0.0,0.0,0.0
2024-04-21,0.0,0.0,0.0
2024-04-22,0.0,0.0,0.0
2024-04-23,0.0,0.0,0.0
2024-04-24,0.0,0.0,0.0
2024-04-25,0.0,0.0,0.0
2024-04-26,0.0,0.0,0.0
2024-04-27,0.0,0.0,0.0
2024-04-28,0.0,0.0,0.0
2024-04-29,0.0,0.0,0.0
2024-04-30,0.0,0.0,0.0
2024-05-01,0.0,0.0,0.0
2024-05-02,0.0,0.0,0.0
2024-05-03,0.0,0.0,0.0
2024-05-04,0.0,0.0,0.0
2024-05-05,0.0,0.0,0.0
2024-05-06,0.0,0.0,0.0
2024-05-07,0.0,0.0,0.0
2024-05-08,0.0,0.0,0.0
2024-05-09,0.0,0.0,0.0
2024-05-10,0.0,0.0,0.0
2024-05-11,0.0,0.0,0.0
2024-05-12,0.0,0.0,0.0
2024-05-13,0.0,0.0,0.0
2024-05-14,0.0,0.0,0.0
2024-05-15,0.0,0.0,0.0
2024-05-16,0.0,0.0,0.0
2024-05-17,0.0,0.0,0.0
2024-05-18,0.0,0.0,0.0
2024-05-19,0.0,0.0,0.0
2024-05-20,0.0,0.0,0.0
2024-05-21,0.0,0.0,0.0
2024-05-22,0.0,0.0,0.0
2024-05-23,0.0,0.0,0.0
2024-05-24,0.0,0.0,0.0
2024-05-25,0.0,0.0,0.0
2024-05-26,0.0,0.0,0.0
2024-05-27,0.0,0.0,0.0
2024-05-28,0.0,0.0,0.0
2024-05-29,0.0,0.0,0.0
2024-05-30,0.0,0.0,0.0
2024-05-31,0.0,0.0,0.0
2024-06-01,0.0,0.0,0.0
2024-06-02,0.0,0.0,0.0
2024-06-03,0.0,0.0,0.0
2024-06-04,0.0,0.0,0.0
2024-06-05,0.0,0.0,0.0
2024-06-06,0.0,0.0,0.0
2024-06-07,0.0,0.0,0.0
2024-06-08,0.0,0.0,0.0
2024-06-09,0.0,0.0,0.0
2024-06-10,0.0,0.0,0.0
2024-06-11,0.0,0.0,0.0
2024-06-12,0.0,0.0,0.0
2024-06-13,0.0,0.0,0.0
2024-06-14,0.0,0.0,0.0
2024-06-15,0.0,0.0,0.0
2024-06-16,0.0,0.0,0.0
2024-06-17,0.0,0.0,0.0
2024-06-18,0.0,0.0,0.0
2024-06-19,0.0,0.0,0.0
2024-06-20,0.0,0.0,0.0
2024-06-21,0.0,0.0,0.0
2024-06-22,0.0,0.0,0.0
2024-06-23,0.0,0.0,0.0
2024-06-24,0.0,0.0,0.0
2024-06-25,0.0,0.0,0.0
2024-06-26,0.0,0.0,0.0
2024-06-27,0.0,0.0,0.0
2024-06-28,0.0,0.0,0.0
2024-06-29,0.0,0.0,0.0
2024-06-30,0.0,0.0,0.0
2024-07-01,0.0,0.0,0.0
2024-07-02,0.0,0.0,0.0
2024-07-03,0.0,0.0,0.0
2024-07-04,0.0,0.0,0.0
2024-07-05,0.0,0.0,0.0
2024-07-06,0.0,0.0,0.0
2024-07-07,0.0,0.0,0.0
2024-07-08,0.0,0.0,0.0
2024-07-09,0.0,0.0,0.0
2024-07-10,0.0,0.0,0.0
2024-07-11,0.0,0.0,0.0
2024-07-12,0.0,0.0,0.0
2024-07-13,0.0,0.0,0.0
2024-07-14,0.0,0.0,0.0
2024-07-15,0.0,0.0,0.0
2024-07-16,0.0,0.0,0.0
2024-07-17,0.0,0.0,0.0
2024-07-18,0.0,0.0,0.0
2024-07-19,0.0,0.0,0.0
2024-07-20,0.0,0.0,0.0
2024-07-21,0.0,0.0,0.0
2024-07-22,0.0,0.0,0.0
2024-07-23,0.0,0.0,0.0
2024-07-24,0.0,0.0,0.0
2024-07-25,0.0,0.0,0.0
2024-07-26,0.0,0.0,0.0
2024-07-27,0.0,0.0,0.0
2024-07-28,0.0,0.0,0.0
2024-07-29,0.0,0.0,0.0
2024-07-30,0.0,0.0,0.0
2024-07-31,0.0,0.0,0.0
2024-08-01,0.0,0.0,0.0
2024-08-02,0.0,0.0,0.0
2024-08-03,0.0,0.0,0.0
2024-08-04,0.0,0.0,0.0
2024-08-05,0.0,0.0,0.0
2024-08-06,0.0,0.0,0.0
2024-08-07,0.0,0.0,0.0
2024-08-08,0.0,0.0,0.0
2024-08-09,0.0,0.0,0.0
2024-08-10,0.0,0.0,0.0
2024-08-11,0.0,0.0,0.0
2024-08-12,0.0,0.0,0.0
2024-08-13,0.0,0.0,0.0
2024-08-14,0.0,0.0,0.0
2024-08-15,0.0,0.0,0.0
2024-08-16,0.0,0.0,0.0
2024-08-17,0.0,0.0,0.0
2024-08-18,0.0,0.0,0.0
2024-08-19,0.0,0.0,0.0
2024-08-20,0.0,0.0,0.0
2024-08-21,0.0,0.0,0.0
2024-08-22,0.0,0.0,0.0
2024-08-23,0.0,0.0,0.0
2024-08-24,0.0,0.0,0.0
2024-08-25,0.0,0.0,0.0
2024-08-26,0.0,0.0,0.0
2024-08-27,0.0,0.0,0.0
2024-08-28,0.0,0.0,0.0
2024-08-29,0.0,0.0,0.0
2024-08-30,0.0,0.0,0.0
2024-08-31,0.0,0.0,0.0
2024-09-01,0.0,0.0,0.0
2024-09-02,0.0,0.0,0.0
2024-09-03,0.0,0.0,0.0
2024-09-04,0.0,0.0,0.0
2024-09-05,0.0,0.0,0.0
2024-09-06,0.0,0.0,0.0
2024-09-07,0.0,0.0,0.0
2024-09-08,0.0,0.0,0.0
2024-09-09,0.0,0.0,0.0
2024-09-10,0.0,0.0,0.0
2024-09-11,0.0,0.0,0.0
2024-09-12,0.0,0.0,0.0
2024-09-13,0.0,0.0,0.0
2024-09-14,0.0,0.0,0.0
2024-09-15,0.0,0.0,0.0
2024-09-16,0.0,0.0,0.0
2024-09-17,0.0,0.0,0.0
2024-09-18,0.0,0.0,0.0
2024-09-19,0.0,0.0,0.0
2024-09-20,0.0,0.0,0.0
2024-09-21,0.0,0.0,0.0
2024-09-22,0.0,0.0,0.0
2024-09-23,0.0,0.0,0.0
2024-09-24,0.0,0.0,0.0
2024-09-25,0.0,0.0,0.0
2024-09-26,0.0,0.0,0.0
2024-09-27,0.0,0.0,0.0
2024-09-28,0.0,0.0,0.0
2024-09-29,0.0,0.0,0.0
2024-09-30,0.0,0.0,0.0
2024-10-01,0.0,0.0,0.0
2024-10-02,0.0,0.0,0.0
2024-10-03,0.0,0.0,0.0
2024-10-04,0.0,0.0,0.0
2024-10-05,0.0,0.0,0.0
2024-10-06,0.0,0.0,0.0
2024-10-07,0.0,0.0,0.0
2024-10-08,0.0,0.0,0.0
2024-10-09,0.0,0.0,0.0
2024-10-10,0.0,0.0,0.0
2024-10-11,0.0,0.0,0.0
2024-10-12,0.0,0.0,0.0
2024-10-13,0.0,0.0,0.0
2024-10-14,0.0,0.0,0.0
2024-10-15,0.0,0.0,0.0
2024-10-16,0.0,0.0,0.0
2024-10-17,0.0,0.0,0.0
2024-10-18,0.0,0.0,0.0
2024-10-19,0.0,0.0,0.0
2024-10-20,0.0,0.0,0.0
2024-10-21,0.0,0.0,0.0
2024-10-22,0.0,0.0,0.0
2024-10-23,0.0,0.0,0.0
2024-10-24,0.0,0.0,0.0
2024-10-25,0.0,0.0,0.0
2024-10-26,0.0,0.0,0.0
2024-10-27,0.0,0.0,0.0
2024-10-28,0.0,0.0,0.0
2024-10-29,0.0,0.0,0.0
2024-10-30,0.0,0.0,0.0
2024-10-31,0.0,0.0,0.0
2024-11-01,0.0,0.0,0.0
2024-11-02,0.0,0.0,0.0
2024-11-03,0.0,0.0,0.0
2024-11-04,0.0,0.0,0.0
2024-11-05,0.0,0.0,0.0
2024-11-06,0.0,0.0,0.0
2024-11-07,0.0,0.0,0.0
2024-11-08,0.0,0.0,0.0
2024-11-09,0.0,0.0,0.0
2024-11-10,0.0,0.0,0.0
2024-11-11,0.0,0.0,0.0
2024-11-12,0.0,0.0,0.0
2024-11-13,0.0,0.0,0.0
2024-11-14,0.0,0.0,0.0
2024-11-15,0.0,0.0,0.0
2024-11-16,0.0,0.0,0.0
2024-11-17,0.0,0.0,0.0
2024-11-18,0.0,0.0,0.0
2024-11-19,0.0,0.0,0.0
2024-11-20,0.0,0.0,0.0
2024-11-21,0.0,0.0,0.0
2024-11-22,0.0,0.0,0.0
2024-11-23,0.0,0.0,0.0
2024-11-24,0.0,0.0,0.0
2024-11-25,0.0,0.0,0.0
2024-11-26,0.0,0.0,0.0
2024-11-27,0.0,0.0,0.0
2024-11-28,0.0,0.0,0.0
2024-11-29,0.0,0.0,0.0
2024-11-30,0.0,0.0,0.0
2024-12-01,0.0,0.0,0.0
2024-12-02,0.0,0.0,0.0
2024-12-03,0.0,0.0,0.0
2024-12-04,0.0,0.0,0.0
2024-12-05,0.0,0.0,0.0
2024-12-06,0.0,0.0,0.0
2024-12-07,0.0,0.0,0.0
2024-12-08,0.0,0.0,0.0
2024-12-09,0.0,0.0,0.0
2024-12-10,0.0,0.0,0.0
2024-12-11,0.0,0.0,0.0
2024-12-12,0.0,0.0,0.0
2024-12-13,0.0,0.0,0.0
2024-12-14,0.0,0.0,0.0
2024-12-15,0.0,0.0,0.0
2024-12-16,0.0,0.0,0.0
2024-12-17,0.0,0.0,0.0
2024-12-18,0.0,0.0,0.0
2024-12-19,0.0,0.0,0.0
2024-12-20,0.0,0.0,0.0
2024-12-21,0.0,0.0,0.0
2024-12-22,0.0,0.0,0.0
2024-12-23,0.0,0.0,0.0
2024-12-24,0.0,0.0,0.0
2024-12-25,0.0,0.0,0.0
2024-12-26,0.0,0.0,0.0
2024-12-27,0.0,0.0,0.0
2024-12-28,0.0,0.0,0.0
2024-12-29,0.0,0.0,0.0
2024-12-30,0.0,0.0,0.0
2024-12-31,0.0,0.0,0.0
2025-01-01,0.0,0.0,0.0
2025-01-02,0.0,0.0,0.0
2025-01-03,0.0,0.0,0.0
2025-01-04,0.0,0.0,0.0
2025-01-05,0.0,0.0,0.0
2025-01-06,0.0,0.0,0.0
2025-01-07,0.0,0.0,0.0
2025-01-08,0.0,0.0,0.0
2025-01-09,0.0,0.0,0.0
2025-01-10,0.0,0.0,0.0
2025-01-11,0.0,0.0,0.0
2025-01-12,0.0,0.0,0.0
2025-01-13,0.0,0.0,0.0
2025-01-14,0.0,0.0,0.0
2025-01-15,0.0,0.0,0.0
2025-01-16,0.0,0.0,0.0
2025-01-17,0.0,0.0,0.0
2025-01-18,0.0,0.0,0.0
2025-01-19,0.0,0.0,0.0
2025-01-20,0.0,0.0,0.0
2025-01-21,0.0,0.0,0.0
2025-01-22,0.0,0.0,0.0
2025-01-23,0.0,0.0,0.0
2025-01-24,0.0,0.0,0.0
2025-01-25,0.0,0.0,0.0
2025-01-26,0.0,0.0,0.0
2025-01-27,0.0,0.0,0.0
2025-01-28,0.0,0.0,0.0
2025-01-29,0.0,0.0,0.0
2025-01-30,0.0,0.0,0.0
2025-01-31,0.0,0.0,0.0
2025-02-01,0.0,0.0,0.0
2025-02-02,0.0,0.0,0.0
2025-02-03,0.0,0.0,0.0
2025-02-04,0.0,0.0,0.0
2025-02-05,0.0,0.0,0.0
2025-02-06,0.0,0.0,0.0
2025-02-07,0.0,0.0,0.0
2025-02-08,0.0,0.0,0.0
2025-02-09,0.0,0.0,0.0
2025-02-10,0.0,0.0,0.0
2025-02-11,0.0,0.0,0.0
2025-02-12,0.0,0.0,0.0
2025-02-13,0.0,0.0,0.0
2025-02-14,0.0,0.0,0.0
2025-02-15,0.0,0.0,0.0
2025-02-16,0.0,0.0,0.0
2025-02-17,0.0,0.0,0.0
2025-02-18,0.0,0.0,0.0
2025-02-19,0.0,0.0,0.0
2025-02-20,0.0,0.0,0.0
2025-02-21,0.0,0.0,0.0
2025-02-22,0.0,0.0,0.0
2025-02-23,0.0,0.0,0.0
2025-02-24,0.0,0.0,0.0
2025-02-25,0.0,0.0,0.0
2025-02-26,0.0,0.0,0.0
2025-02-27,0.0,0.0,0.0
2025-02-28,0.0,0.0,0.0
2025-03-01,0.0,0.0,0.0
2025-03-02,0.0,0.0,0.0
2025-03-03,0.0,0.0,0.0
2025-03-04,0.0,0.0,0.0
2025-03-05,0.0,0.0,0.0
2025-03-06,0.0,0.0,0.0
2025-03-07,0.0,0.0,0.0
2025-03-08,0.0,0.0,0.0
2025-03-09,0.0,0.0,0.0
2025-03-10,0.0,0.0,0.0
2025-03-11,0.0,0.0,0.0
2025-03-12,0.0,0.0,0.0
2025-03-13,0.0,0.0,0.0
2025-03-14,0.0,0.0,0.0
2025-03-15,0.0,0.0,0.0
2025-03-16,0.0,0.0,0.0
2025-03-17,0.0,0.0,0.0
2025-03-18,0.0,0.0,0.0
2025-03-19,0.0,0.0,0.0
2025-03-20,0.0,0.0,0.0
2025-03-21,0.0,0.0,0.0
2025-03-22,0.0,0.0,0.0
2025-03-23,0.0,0.0,0.0
2025-03-24,0.0,0.0,0.0
2025-03-25,0.0,0.0,0.0
2025-03-26,0.0,0.0,0.0
2025-03-27,0.0,0.0,0.0
2025-03-28,0.0,0.0,0.0
2025-03-29,0.0,0.0,0.0
2025-03-30,0.0,0.0,0.0
2025-03-31,0.0,0.0,0.0
