date,btc,eth,sleeve
2021-11-08,-0.0004187384786498171,-0.000931038478649817,-0.0006748884786498171
2021-11-09,0.0019092439108601424,0.0009208226334854701,0.0014150332721728062
2021-11-10,0.0015881850529378605,0.00028566919340060494,0.0009369271231692327
2021-11-11,-3.267805648146067e-05,0.0006462840407427463,0.00030680299213064284
2021-11-12,0.001537131093456587,0.0007680595547965258,0.0011525953241265565
2021-11-13,0.00043627569939016614,0.0002874691066742057,0.0003618724030321859
2021-11-14,0.0006501586876117936,-0.00036043176616696156,0.00014486346072241604
2021-11-15,0.00025433858386103597,0.00048417612084992193,0.00036925735235547895
2021-11-16,-0.00016924536159207353,0.0003225173691557487,7.663600378183758e-05
2021-11-17,0.0007739564952604686,-0.00019177610454346576,0.00029109019535850144
2021-11-18,0.00010521260921658897,7.238739179959592e-05,8.880000050809245e-05
2021-11-19,0.000444023666067102,0.0009895333648427499,0.000716778515454926
2021-11-20,0.0007882722430793093,-8.798956462697076e-05,0.0003501413392261693
2021-11-21,-5.6060890858193375e-05,0.0002303550841019591,8.714709662188287e-05
2021-11-22,-0.0002766818003151523,0.00022426584978696036,-2.6207975264095964e-05
2021-11-23,0.0005457238511791042,0.0001510625811466065,0.00034839321616285537
2021-11-24,0.00010938489496184573,-0.00014514123762344016,-1.7878171330797213e-05
2021-11-25,0.0007855816693861755,0.0010656909202716677,0.0009256362948289216
2021-11-26,-0.0007423757874508876,0.00041593436864646526,-0.00016322070940221115
2021-11-27,0.0005632430996602744,0.0002589849150415007,0.00041111400735088755
2021-11-28,8.722054664655638e-05,-0.00014440227449131042,-2.859086392237702e-05
2021-11-29,2.1204534235681357e-05,0.0007326757086077956,0.0003769401214217385
2021-11-30,0.0015047592558881477,0.0002449828882523745,0.0008748710720702612
2021-12-01,-0.0001989052591595919,-0.0010613486398087485,-0.0006301269494841702
2021-12-02,0.00016465244806680444,0.0003337267605517629,0.0002491896043092837
2021-12-03,0.00015521746230098872,0.0006244152442812988,0.00038981635329114376
2021-12-04,0.0010399044524942328,-0.00043324187741162595,0.0003033312875413034
2021-12-05,0.0009230838426188746,0.0007193082625432906,0.0008211960525810827
2021-12-06,-0.0007107403095135728,5.334025412528526e-05,-0.00032870002769414377
2021-12-07,0.0005665041055715653,0.0002894754594363146,0.00042798978250393994
2021-12-08,0.0004164278106771851,0.0005808222580653238,0.0004986250343712545
2021-12-09,-0.0010361287887845178,7.863474125790633e-05,-0.00047874702376330574
2021-12-10,3.9942938972355406e-05,-0.00041051198179551377,-0.0001852845214115792
2021-12-11,0.0013753854406078861,0.0017808131270555508,0.0015780992838317185
2021-12-12,-0.0005887163193819584,-0.0008465674787746552,-0.0007176418990783068
2021-12-13,0.0008892832602077588,0.000367387670374187,0.0006283354652909729
2021-12-14,-0.00028972845741493926,2.507117191493182e-05,-0.00013232864275000372
2021-12-15,-4.0999865057793124e-05,-0.00023797823456573168,-0.0001394890498117624
2021-12-16,0.000469444670943338,0.00037731888901328825,0.00042338177997831313
2021-12-17,0.00020132531917612092,0.0005823566724355539,0.0003918409958058374
2021-12-18,0.00048333653371529533,0.00018995158498712712,0.0003366440593512112
2021-12-19,3.780874732478873e-05,-3.797102648098289e-05,-8.113957809708115e-08
2021-12-20,0.0003859015978749896,0.00019143427681711118,0.0002886679373460504
2021-12-21,1.9833694583390795e-05,-0.0002557471560044084,-0.0001179567307105088
2021-12-22,0.0004092357346822078,0.0007151326547795117,0.0005621841947308598
2021-12-23,0.000802907175768595,0.0003247944068261735,0.0005638507912973842
2021-12-24,-0.00035723011735067485,0.0005437310255033095,9.325045407631734e-05
2021-12-25,-0.0001337966656148643,-5.315630974023605e-05,-9.347648767755017e-05
2021-12-26,0.0006099927038004621,0.0006500425822633066,0.0006300176430318843
2021-12-27,-0.0002545913095642933,-0.0006729651336954173,-0.0004637782216298553
2021-12-28,0.0007943903809070024,0.0006253062539962587,0.0007098483174516305
2021-12-29,0.000336459696669174,-0.0004234325293619461,-4.348641634638605e-05
2021-12-30,0.00013217760295158472,-0.00024285866812842803,-5.5340532588421656e-05
2021-12-31,-0.00018460687460388763,0.0003018383071736806,5.861571628489649e-05
2022-01-01,0.00034750985864683996,0.0004856368903173274,0.0004165733744820837
2022-01-02,-0.00016715880895368633,-0.00023200833868413913,-0.00019958357381891272
2022-01-03,0.0005582534547386958,0.0007014136246508525,0.0006298335396947741
2022-01-04,-3.332625672503425e-05,-0.0009445322196218781,-0.0004889292381734561
2022-01-05,0.0015667075133437528,0.0023616967179712583,0.0019642021156575057
2022-01-06,-0.0009714708384785981,-0.001229664683653595,-0.0011005677610660966
2022-01-07,-0.00021149981904056172,-0.0003126973419581508,-0.00026209858049935626
2022-01-08,-0.00028279571609413475,-0.00032486031679324464,-0.0003038280164436897
2022-01-09,0.0007303761309193041,0.00041319023136722585,0.000571783181143265
2022-01-10,0.00030231159891849795,-0.00043033676030562214,-6.401258069356209e-05
2022-01-11,0.0003836269756854376,0.0005691970155260988,0.0004764119956057682
2022-01-12,-0.00019589902044636807,-0.0007864894500343131,-0.0004911942352403406
2022-01-13,-0.00047944018391620136,-0.0004488856352710067,-0.00046416290959360406
2022-01-14,-3.7660851316848446e-05,0.0008230988371998334,0.0003927189929414925
2022-01-15,0.00013776226303192788,0.00022378379998183788,0.0001807730315068829
2022-01-16,3.0605955675703615e-05,0.00011638962940608029,7.349779254089195e-05
2022-01-17,0.00030421364457654693,-0.0002195314960181599,4.234107427919352e-05
2022-01-18,3.994989828991156e-05,-7.838295045169732e-05,-1.9216526080892882e-05
2022-01-19,-0.000184329612993624,7.294636632052765e-05,-5.569162333654817e-05
2022-01-20,6.695016262425353e-05,0.00024354986456120604,0.00015525001359272979
2022-01-21,-0.0005344114521752322,-0.0013933420519554468,-0.0009638767520653395
2022-01-22,0.0009007157922994294,0.0008828331854988327,0.000891774488899131
2022-01-23,-0.0005236705788222836,-0.0006132876696757932,-0.0005684791242490383
2022-01-24,3.978802847635765e-05,1.360755762104408e-05,2.6697793048700865e-05
2022-01-25,0.0005975986779259191,0.0003095684452495288,0.00045358356158772394
2022-01-26,0.0001454808881003019,0.00011665206742093032,0.0001310664777606161
2022-01-27,-0.0005911891108627247,-0.0005395357198449117,-0.0005653624153538182
2022-01-28,1.2890047360994548e-05,-0.0006779525128324469,-0.00033253123273572615
2022-01-29,-0.00015016234514385346,0.0006512579737813718,0.0002505478143187592
2022-01-30,-0.00041292669721135114,-0.00094194788112589,-0.0006774372891686206
2022-01-31,0.0005907847486796581,0.00032490789919909695,0.0004578463239393775
2022-02-01,-0.0003818327593093921,-0.0007043126551035009,-0.0005430727072064465
2022-02-02,9.567993625304334e-05,0.0011361434503958721,0.0006159116933244578
2022-02-03,-0.00019575558746509102,-0.0017014394810312982,-0.0009485975342481946
2022-02-04,-8.363630362456757e-05,-0.0002883724748189652,-0.0001860043892217664
2022-02-05,-0.00069408785890247,-0.0006003080402321409,-0.0006471979495673054
2022-02-06,0.0004858702021471833,0.00038601737528398287,0.0004359437887155831
2022-02-07,-0.00013595336607782164,0.00028775480582281227,7.590071987249532e-05
2022-02-08,0.0004108403976107416,0.0004379004411899067,0.0004243704194003241
2022-02-09,-0.00013791172510611732,-2.5063503294180997e-05,-8.148761420014916e-05
2022-02-10,0.00043019963277702574,-0.00012875745931529198,0.00015072108673086688
2022-02-11,-0.0005457101080458669,-0.0002805580456710652,-0.00041313407685846605
2022-02-12,0.000593047229269002,0.0003316843813688757,0.0004623658053189389
2022-02-13,-9.594543354979137e-05,-0.0001814036224616176,-0.0001386745280057045
2022-02-14,0.00018347699414570707,0.00011904966644191007,0.00015126333029380858
2022-02-15,3.484795141570828e-05,-0.00013493330458707936,-5.004267658568554e-05
2022-02-16,0.0002639796191307125,0.000497207054138023,0.00038059333663436777
2022-02-17,0.0002891347394191573,-8.142566800269522e-05,0.00010385453570823103
2022-02-18,-0.0003841711481204551,-6.354525600236343e-05,-0.00022385820206140925
2022-02-19,0.0005830995439083783,0.00045835474812227903,0.0005207271460153286
2022-02-20,-0.00014643242792487953,-0.0007610195563921313,-0.0004537259921585054
2022-02-21,-0.0008859589347876367,-0.0007774907799002555,-0.0008317248573439461
2022-02-22,-9.814500358558504e-05,3.104355726487998e-05,-3.3550723160352526e-05
2022-02-23,2.963595914438435e-05,0.0007825041203504552,0.0004060700397474198
2022-02-24,-0.0005483097409832651,-0.0006723044535679708,-0.0006103070972756179
2022-02-25,0.0002167396805710065,0.0006176378534726817,0.00041718876702184413
2022-02-26,0.00029774098089776205,0.00012962621169442963,0.00021368359629609583
2022-02-27,0.00014856869735936764,-1.2524074409503201e-05,6.802231147493222e-05
2022-02-28,-0.0022675924040192114,-0.0013673435856251003,-0.0018174679948221558
2022-03-01,0.0007941624481609398,0.0005875704385410701,0.000690866443351005
2022-03-02,-0.0002928739552590844,-0.0001449239914888029,-0.00021889897337394365
2022-03-03,0.00020845513899403085,0.0006566199867316064,0.0004325375628628186
2022-03-04,0.0006406296173617726,-0.00011306495378920244,0.0002637823317862851
2022-03-05,0.00014448048727160056,-0.000133640465805424,5.420010733088286e-06
2022-03-06,-0.000659272641515514,0.0003540380861169195,-0.00015261727769929725
2022-03-07,-0.0007817827618167029,-0.0009699889328070222,-0.0008758858473118626
2022-03-08,0.0009215265786524115,0.0005363436079208337,0.0007289350932866226
2022-03-09,-0.0005776743173013671,-4.001297485790095e-05,-0.000308843646079634
2022-03-10,0.000377418118392533,0.00040204432617436096,0.000389731222283447
2022-03-11,-0.0001115707740597169,-0.00014866665609938624,-0.00013011871507955157
2022-03-12,-0.00014239440857774066,0.00027431916657855713,6.596237900040824e-05
2022-03-13,0.00032427164850428884,0.0002126867399564662,0.0002684791942303775
2022-03-14,-0.0006608219609347823,-0.000552673018242569,-0.0006067474895886756
2022-03-15,-3.813105628831259e-05,9.091519898194733e-05,2.6392071346817367e-05
2022-03-16,0.0001858309771044185,0.00032210332932738303,0.00025396715321590076
2022-03-17,0.000557648983978139,0.00025741496383068933,0.0004075319739044142
2022-03-18,-0.00019577542573060875,-0.0006595109513431654,-0.00042764318853688707
2022-03-19,-0.00041660876748462913,7.509818383255202e-05,-0.00017075529182603857
2022-03-20,0.00024773817683376324,0.00041120241415403984,0.00032947029549390154
2022-03-21,0.00029211414500514315,4.791294087557902e-05,0.00017001354294036107
2022-03-22,0.00016728868460546715,0.0004812846978042811,0.0003242866912048741
2022-03-23,0.00011289474014879433,-8.31568736142521e-05,1.4868933267271115e-05
2022-03-24,0.00021780633576417953,0.0001573111443078824,0.00018755874003603096
2022-03-25,0.00011810536059371818,0.00027623038608426013,0.00019716787333898917
2022-03-26,5.245321014839089e-05,0.0003437855877131323,0.00019811939893076157
2022-03-27,-0.00127651466015288,-0.0009784867041678301,-0.0011275006821603551
2022-03-28,0.0003576306686964253,0.00021630158938490014,0.0002869661290406627
2022-03-29,0.00037854548574064626,0.00043505098348532966,0.000406798234612988
2022-03-30,0.0004118793405193349,0.00012057717106361439,0.0002662282557914746
2022-03-31,-0.00012495846468952136,0.0002539577270028697,6.449963115667417e-05
2022-04-01,0.0005284469799377748,0.0003166135618674031,0.00042253027090258894
2022-04-02,0.0003933357959988686,0.0002959208302216703,0.00034462831311026946
2022-04-03,-7.846376659407846e-06,0.00016520623503379512,7.867992918719364e-05
2022-04-04,-0.0001610842284151021,4.939951923712152e-05,-5.584235458899029e-05
2022-04-05,0.0009427906418172331,0.0008905168988484382,0.0009166537703328356
2022-04-06,-0.0001833550343953573,-0.00062384494618452,-0.00040359999028993863
2022-04-07,0.00015354546156200408,-0.00010311949289273182,2.5212984334636128e-05
2022-04-08,0.00022442226408270343,-0.0001627699387755593,3.082616265357207e-05
2022-04-09,0.0006568209126423288,0.000452281192926725,0.0005545510527845269
2022-04-10,-0.00036532715959115765,0.000870277453051724,0.00025247514673028314
2022-04-11,7.859566862721112e-05,-0.00034502301687427365,-0.00013321367412353128
2022-04-12,-0.0004140710839459848,-0.00022452955493679316,-0.000319300319441389
2022-04-13,-0.00016235678750090075,-0.00014482699370875867,-0.0001535918906048297
2022-04-14,0.00024447769054267295,0.00014082361565236133,0.00019265065309751714
2022-04-15,-0.0001378877893464158,-0.00041069153484883837,-0.0002742896620976271
2022-04-16,-0.00016134953534321377,-0.00034858984106430306,-0.00025496968820375843
2022-04-17,0.0004410139920353684,0.00016800597998632016,0.00030450998601084427
2022-04-18,-0.000660656935093045,-0.00045015378038182195,-0.0005554053577374335
2022-04-19,0.0001640057209511268,-0.00011425559320784267,2.487506387164206e-05
2022-04-20,0.00017308470280316167,0.00020169999692137356,0.0001873923498622676
2022-04-21,0.00010055025759691673,1.9851407874904075e-05,6.0200832735910406e-05
2022-04-22,-7.308703450273411e-05,-0.00042599826601005515,-0.00024954265025639463
2022-04-23,-0.0005244009907695578,-0.0008196995702458408,-0.0006720502805076993
2022-04-24,-0.0006858562039998155,-0.0003807493250556217,-0.0005333027645277186
2022-04-25,-2.3871837399225532e-05,-0.0006264856035744592,-0.00032517872048684236
2022-04-26,9.701345548728975e-05,0.0003311186599171942,0.00021406605770224197
2022-04-27,8.861284188694662e-05,-0.0004621181428119589,-0.00018675265046250614
2022-04-28,-0.0006653666090014131,-2.0407053135327914e-05,-0.0003428868310683705
2022-04-29,0.0005919886812008567,0.0003217294575893379,0.0004568590693950973
2022-04-30,-0.0009099169426716004,-0.00037306604150040963,-0.000641491492086005
2022-05-01,0.0003085139368388607,-0.0008821190805677041,-0.00028680257186442166
2022-05-02,-0.0002163996958806586,0.0004857627180904754,0.0001346815111049084
2022-05-03,0.0005035804376003444,-5.04050032747085e-05,0.00022658771716281795
2022-05-04,-0.00028580482351974417,0.0001844494185441783,-5.067770248778294e-05
2022-05-05,0.0007396927338892928,0.0005677298005156667,0.0006537112672024797
2022-05-06,-0.00019538797417293806,-0.000303208081229916,-0.000249298027701427
2022-05-07,-0.00033010315128813674,1.25720733475822e-06,-0.00016442297197668927
2022-05-08,0.0001429343958283871,-0.0005650454071937969,-0.00021105550568270492
2022-05-09,-0.0012507011425866696,-0.001338991981849594,-0.0012948465622181317
2022-05-10,0.0006031954862925032,0.0012059375167445322,0.0009045665015185177
2022-05-11,-0.00021552894272391847,-0.0003972467471882567,-0.0003063878449560876
2022-05-12,-0.0006504597150873949,-0.0014288853504290293,-0.001039672532758212
2022-05-13,-5.765933069965688e-05,-0.0001611161673125729,-0.00010938774900611488
2022-05-14,0.00023986590076796206,7.74162698516411e-05,0.0001586410853098016
2022-05-15,-0.00016051294688684866,0.0002114758571599615,2.5481455136556422e-05
2022-05-16,0.0005315635243560838,0.000328683483204254,0.00043012350378016887
2022-05-17,5.730974891279121e-06,-0.0005329636377508771,-0.00026361633142979896
2022-05-18,0.0002209380571432152,0.0002030314213063472,0.0002119847392247812
2022-05-19,-0.0005746863447469942,-0.0004287725788323057,-0.0005017294617896499
2022-05-20,0.0005227335837840702,4.716368041796079e-05,0.0002849486321010155
2022-05-21,0.00013118684511578227,0.00032999004303021877,0.00023058844407300053
2022-05-22,-0.00020836323594494084,-5.147667359327693e-05,-0.0001299199547691089
2022-05-23,0.0003491447488959092,0.000402911842686589,0.0003760282957912491
2022-05-24,-0.00019031655821542297,-0.00023743938740072246,-0.00021387797280807272
2022-05-25,-9.957123727667847e-06,-0.000146651618983135,-7.830437135540141e-05
2022-05-26,-0.0005305767311926356,-0.00018514394376682988,-0.00035786033747973274
2022-05-27,0.0009391777937430805,-0.00024640454969060687,0.0003463866220262368
2022-05-28,0.0003351982927421893,-1.783495600942825e-05,0.00015868166836638053
2022-05-29,0.0002985506032023815,0.00041212784531154475,0.00035533922425696313
2022-05-30,4.504380915381795e-05,-0.0010446528749110597,-0.0004998045328786209
2022-05-31,0.00013426028192064672,-5.8550659581678304e-05,3.785481116948421e-05
2022-06-01,0.0007106092097581801,0.0005822666966891449,0.0006464379532236625
2022-06-02,-0.00015554428032925574,-0.00014710458084271773,-0.00015132443058598672
2022-06-03,-7.27087553255349e-06,-0.0005698557913285704,-0.0002885633334305619
2022-06-04,-0.00014026450079003972,0.0002542779914448506,5.700674532740544e-05
2022-06-05,5.045372414194047e-05,4.4423359132790724e-05,4.7438541637365596e-05
2022-06-06,0.000135870823953024,2.943762289779418e-05,8.26542234254091e-05
2022-06-07,-7.769709918290616e-06,4.5159979796202775e-05,1.869513493895608e-05
2022-06-08,0.00030429353158622656,0.00036879278171988197,0.00033654315665305426
2022-06-09,0.00029950821524222566,0.00015695422101828774,0.0002282312181302567
2022-06-10,0.0001802251407305981,0.00016019887358838605,0.00017021200715949206
2022-06-11,0.00012013231580741538,-0.0007701186088180713,-0.000324993146505328
2022-06-12,-0.001347735117212558,-0.0014820173185844019,-0.0014148762178984799
2022-06-13,-0.0004926203234257865,-0.0013038716542630728,-0.0008982459888444297
2022-06-14,-2.5411870131135965e-05,0.0004100115034041145,0.00019229981663648928
2022-06-15,-7.713647619135583e-05,-0.0007278208818408687,-0.0004024786790161123
2022-06-16,-0.00010154531066790545,-0.0005093134743472833,-0.00030542939250759437
2022-06-17,-0.0001264835017437124,-0.00016691203998696653,-0.00014669777086533947
2022-06-18,-0.001542502227539387,-0.0009469725543952531,-0.00124473739096732
2022-06-19,0.00038362355929737305,-7.114385965162608e-05,0.0001562398498228735
2022-06-20,-8.967714543592836e-05,-0.000167804782965638,-0.0001287409642007832
2022-06-21,0.0002720940926994484,4.099671018373431e-05,0.00015654540144159135
2022-06-22,0.00024201618489349844,0.00043471204846483796,0.0003383641166791682
2022-06-23,-0.0009144776754479358,-0.0005728644120214287,-0.0007436710437346822
2022-06-24,-0.00020047491770418434,-0.0011854351391054473,-0.0006929550284048158
2022-06-25,9.754135178514941e-05,0.00041887068645846164,0.0002582060191218055
2022-06-26,0.00022763250341329786,-0.0006911529506600521,-0.0002317602236233771
2022-06-27,0.0005975350776408991,0.00011695104287803371,0.0003572430602594664
2022-06-28,-0.00032652651774862695,-0.00014629171364349377,-0.00023640911569606035
2022-06-29,0.0004763942269582826,-3.2446155003269145e-05,0.00022197403597750673
2022-06-30,-0.000878123103060833,-0.0015105778296588717,-0.0011943504663598523
2022-07-01,0.00016381457090038987,0.0007381623705401413,0.0004509884707202656
2022-07-02,-3.8516228607626205e-05,-0.0005532819087716426,-0.00029589906868963435
2022-07-03,8.448849128124426e-06,-0.00017507709727370495,-8.331412407279026e-05
2022-07-04,0.0001452968838741209,0.0005949371803127949,0.0003701170320934579
2022-07-05,-0.0004860587344960531,-0.0009514507329448212,-0.0007187547337204371
2022-07-06,0.0006273071160809806,0.00044429881111137526,0.0005358029635961779
2022-07-07,0.00026505827171295957,-0.00042385356496092854,-7.939764662398449e-05
2022-07-08,-0.00047678386762751534,2.8492932927654716e-05,-0.00022414546734993032
2022-07-09,0.0008600137670983892,0.0003233035939528397,0.0005916586805256145
2022-07-10,0.00016257641763230555,0.0004998176555235703,0.0003311970365779379
2022-07-11,8.26660795957937e-05,-0.0010726914519353548,-0.0004950126861697806
2022-07-12,2.0589079118950997e-05,2.939821138551353e-05,2.4993645252232263e-05
2022-07-13,-3.221534331625622e-05,-0.000613333194776064,-0.0003227742690461601
2022-07-14,0.00017388839830124515,-0.0004173544794511093,-0.00012173304057493207
2022-07-15,-0.00016226275782645183,-0.000952029290118426,-0.000557146023972439
2022-07-16,0.00011468015815066529,-0.0007091245762391179,-0.00029722220904422635
2022-07-17,0.0002253600118117527,0.00041831006415875006,0.00032183503798525136
2022-07-18,-0.0004939819771686599,-0.0021975647006063346,-0.0013457733388874973
2022-07-19,0.00024187103996078536,0.0010978388890425768,0.0006698549645016811
2022-07-20,0.00017762720895217343,2.3342265155648334e-05,0.00010048473705391089
2022-07-21,0.00039453786639309256,-0.00014164980155351563,0.00012644403241978845
2022-07-22,0.00029689425819246705,0.0006078942732482644,0.0004523942657203657
2022-07-23,0.00019715441183153483,7.773613051463565e-05,0.00013744527117308524
2022-07-24,4.648040965184692e-05,-0.00013533424956191757,-4.4426919955035325e-05
2022-07-25,0.0004661935888116034,0.0014485962551380957,0.0009573949219748495
2022-07-26,0.00011035249889579648,-0.0008750560150412904,-0.00038235175807274695
2022-07-27,-0.00025774117439083405,-0.00034848527794146975,-0.0003031132261661519
2022-07-28,-0.00023732965873180951,-0.0005070032756626864,-0.00037216646719724796
2022-07-29,0.0003772842943676707,0.00019061556976429246,0.00028394993206598155
2022-07-30,0.0007174958321551866,0.0008287013118505036,0.0007730985720028451
2022-07-31,-0.0002638948715530779,-0.00025310806558826766,-0.0002585014685706728
2022-08-01,0.0004934298514751703,0.0006211977039369205,0.0005573137777060454
2022-08-02,0.00045805463302630727,0.0001894033617455495,0.00032372899738592837
2022-08-03,-9.644470797540448e-05,-0.00025358591884408867,-0.00017501531340974658
2022-08-04,-2.4759107511153413e-05,4.271418295791643e-05,8.977537723381507e-06
2022-08-05,-0.00019008858845284015,-0.00041851295618933155,-0.00030430077232108585
2022-08-06,0.0002829990145774041,0.0008896338755537375,0.0005863164450655708
2022-08-07,-0.00013884123604039278,0.00015670705433413326,8.932909146870243e-06
2022-08-08,-8.420181438960185e-05,-0.0005023549414444389,-0.0002932783779170204
2022-08-09,0.0005983727246546114,0.00023138322434021927,0.00041487797449741534
2022-08-10,-3.254880454706511e-05,-0.0005236310676565298,-0.00027808993610179745
2022-08-11,0.00030784396036373306,0.0005113712820524777,0.00040960762120810534
2022-08-12,5.4346098766422535e-05,-0.0007475238049109717,-0.0003465888530722746
2022-08-13,-3.6069842975116445e-05,1.3586238162341053e-05,-1.1241802406387696e-05
2022-08-14,-7.077454153578808e-05,6.75206459209409e-05,-1.626947807423591e-06
2022-08-15,-0.0002835146982132276,-0.00045075782124399634,-0.000367136259728612
2022-08-16,0.00013133891086762657,0.0002773571928341235,0.00020434805185087502
2022-08-17,0.0001505704260914706,0.00024179228555382736,0.00019618135582264898
2022-08-18,-0.00043826477639968175,-0.0003731975262689058,-0.0004057311513342938
2022-08-19,-8.620981586157598e-05,-0.0010053552837955254,-0.0005457825498285507
2022-08-20,-7.265632910084143e-05,0.0004497997513528131,0.00018857171112598585
2022-08-21,-0.0002681309906169096,-0.00025021839491498203,-0.00025917469276594583
2022-08-22,-0.00013025810773245738,-0.00022008478708178986,-0.00017517144740712362
2022-08-23,0.00017033741003836587,0.0005893282750271863,0.0003798328425327761
2022-08-24,-0.0002197947852972663,-0.0006088148407160031,-0.00041430481300663467
2022-08-25,-0.00030405725077458956,-0.00035009305918669813,-0.00032707515498064385
2022-08-26,-8.996608547512386e-05,-0.0001771897199436309,-0.00013357790270937737
2022-08-27,0.0002138703990491783,9.699292192741292e-05,0.0001554316604882956
2022-08-28,-0.00036212805414804274,-0.001652955398241911,-0.0010075417261949768
2022-08-29,-0.0006379889992266865,-0.0007662924968437397,-0.0007021407480352131
2022-08-30,0.00013099177530972336,0.00032226058618984487,0.00022662618074978413
2022-08-31,-6.584660110650194e-05,-0.00038739863315216276,-0.00022662261712933234
2022-09-01,0.00012998294596715251,-0.0008306725973320357,-0.00035034482568244157
2022-09-02,1.783102711331137e-05,-0.00029310077632940877,-0.0001376348746080487
2022-09-03,0.00018297522868945687,8.101328098191951e-05,0.0001319942548356882
2022-09-04,-0.00021942019046206011,-0.00016053271375795306,-0.0001899764521100066
2022-09-05,0.0003695803401357605,-0.00017073901674229805,9.942066169673121e-05
2022-09-06,-0.0002256053524648008,-0.0005106970866787191,-0.0003681512195717599
2022-09-07,-0.0002458779316204208,-0.0009274183699076465,-0.0005866481507640336
2022-09-08,0.00027754693426945313,0.00027941851313819353,0.00027848272370382336
2022-09-09,-7.63817701917505e-05,-0.000613010913916568,-0.0003446963420541592
2022-09-10,0.00023003911918426386,-0.0011579674136528832,-0.0004639641472343097
2022-09-11,-0.00013137812665699989,-0.0004885179881694231,-0.0003099480574132115
2022-09-12,0.0006552435095584572,-0.0009924216082827847,-0.00016858904936216374
2022-09-13,0.00031550165618352607,-0.001245290056233385,-0.00046489420002492944
2022-09-14,-0.0001820897070496572,-0.004695564489120565,-0.0024388270980851114
2022-09-15,0.00016839600028908065,-0.006259161587115337,-0.0030453827934131283
2022-09-16,2.6530931095905968e-05,-0.0005172540757718186,-0.0002453615723379563
2022-09-17,2.3958187919409956e-05,0.0006367232726038405,0.00033034073026162524
2022-09-18,0.00010072533595852166,-0.0007707081217015004,-0.00033499139287148933
2022-09-19,-0.0001185395314730612,-0.00017018692781547033,-0.00014436322964426576
2022-09-20,2.7316385555726574e-05,-0.0007430443603491377,-0.00035786398739670556
2022-09-21,-0.0005582742025681696,0.00029694318084115643,-0.00013066551086350658
2022-09-22,-0.00014451426771520444,-0.0008875603508747796,-0.000516037309294992
2022-09-23,-0.0001496730810578698,-0.0004701584435142266,-0.0003099157622860482
2022-09-24,0.00020646148292516306,0.00021962525702806112,0.0002130433699766121
2022-09-25,-0.00016240580598462766,-0.0003581822699791066,-0.0002602940379818671
2022-09-26,0.00034270160398012286,0.00014197893792949247,0.00024234027095480765
2022-09-27,-5.1901717740283666e-05,0.0002170385666595228,8.256842445961957e-05
2022-09-28,-0.00013024095582483684,-0.0003791926746807229,-0.0002547168152527799
2022-09-29,0.00029581043906298196,0.00028696463687669636,0.0002913875379698392
2022-09-30,0.00037747007615895493,0.0002023963932916094,0.00028993323472528216
2022-10-01,-6.033875686040197e-05,-0.0001345610278170702,-9.744989233873609e-05
2022-10-02,0.00013296611803700553,0.0001385868052221382,0.00013577646162957186
2022-10-03,6.0933216282030494e-05,-0.00022863457019719433,-8.385067695758192e-05
2022-10-04,0.00018406866310860133,0.0003417134763176514,0.00026289106971312635
2022-10-05,0.0003817472155801487,-0.0001407634545826124,0.00012049188049876816
2022-10-06,0.00023632411281326477,-0.00018163523501593722,2.734443889866378e-05
2022-10-07,0.00031770701618689175,8.287461328436798e-05,0.00020029081473562987
2022-10-08,0.00023217029343249038,0.00028770329351145537,0.00025993679347197286
2022-10-09,-0.00030585485283476867,-0.00016211113303243578,-0.00023398299293360224
2022-10-10,0.0003035099839055346,1.2080943923555163e-05,0.0001577954639145449
2022-10-11,2.8436596385180095e-05,6.528975634501969e-05,4.6863176365099894e-05
2022-10-12,0.00039693548484087286,-8.62207229109209e-05,0.000155357380964976
2022-10-13,0.00021213769393994372,-0.00018014568899447109,1.5996002472736318e-05
2022-10-14,0.00010227806295072731,0.00023953319805895517,0.00017090563050484124
2022-10-15,0.0001622180954590765,0.00019914071498198233,0.00018067940522052944
2022-10-16,8.507189876817402e-05,-0.00032572339720763314,-0.00012032574921972956
2022-10-17,-2.2643341279938e-05,0.0002533729559395384,0.0001153648073298002
2022-10-18,0.00010790804165383301,-1.0091094217667443e-05,4.8908473718082786e-05
2022-10-19,0.00019280024476443344,-1.4444486271125328e-05,8.917787924665406e-05
2022-10-20,0.0001240216709497749,-0.00010845284878049829,7.7844110846383e-06
2022-10-21,0.0003503794212827667,0.0003208309336143158,0.00033560517744854126
2022-10-22,-0.00011053652442035686,-0.00016433031930473653,-0.0001374334218625467
2022-10-23,2.128782785252156e-06,0.00030510791561037744,0.0001536183491978148
2022-10-24,0.0002320780301021936,-0.0001113178591110431,6.038008549557525e-05
2022-10-25,9.886466655490195e-05,-0.0007384854657383348,-0.00031981039959171645
2022-10-26,-0.0006583431166443817,0.00012089875076888478,-0.00026872218293774844
2022-10-27,-5.332857078331597e-05,3.7873588762020394e-05,-7.727491010647789e-06
2022-10-28,-0.00029506348849642926,4.049888144959873e-05,-0.00012728230352341527
2022-10-29,0.00030311490328607533,-0.00041434878973698564,-5.5616943225455156e-05
2022-10-30,2.3645141907131663e-05,0.00010183870345278393,6.27419226799578e-05
2022-10-31,-0.00023798431334481405,0.0001315951896946525,-5.319456182508077e-05
2022-11-01,0.00012363755769973422,-0.00013773016435234518,-7.046303326305479e-06
2022-11-02,6.927944511018108e-05,0.0005071307952114057,0.00028820512016079335
2022-11-03,-0.00012066047603247359,-0.0007054638896981531,-0.00041306218286531334
2022-11-04,0.00012725780030133392,0.0003049852286921701,0.000216121514496752
2022-11-05,0.00012566014273530487,9.189588771712568e-05,0.00010877801522621528
2022-11-06,-1.1138541762399462e-05,-6.981472280469733e-05,-4.047663228354839e-05
2022-11-07,0.0005873943177509865,0.0005993181891099489,0.0005933562534304678
2022-11-08,-0.0004116803112545776,-0.0009922374140238124,-0.000701958862639195
2022-11-09,-0.00048535745288868213,-0.00182979526052682,-0.001157576356707751
2022-11-10,-0.004731643668122201,-0.0037588702872711484,-0.004245256977696675
2022-11-11,0.0006863042350939569,0.0004291780488493513,0.0005577411419716541
2022-11-12,-0.0007271297215358206,-0.00015370556735450625,-0.00044041764444516343
2022-11-13,-0.0005501182411108234,-0.0006319639382932639,-0.0005910410897020436
2022-11-14,0.00016389353940759636,0.0002599075276247849,0.00021190053351619062
2022-11-15,-0.0002862615937941768,-0.0003507467439772147,-0.00031850416888569574
2022-11-16,-0.0004201556394865489,-1.1414534677442528e-05,-0.00021578508708199572
2022-11-17,-0.000225501269570973,-0.00031135696642773134,-0.0002684291179993522
2022-11-18,2.7043018988779108e-05,-0.00027096831391365767,-0.00012196264746243928
2022-11-19,-0.0002102020722890507,9.876685806026943e-07,-0.000104607201854224
2022-11-20,2.351609779357668e-05,-0.0008596693644209997,-0.00041807663331371156
2022-11-21,-0.0005901267232516485,-0.00042965152624146547,-0.000509889124746557
2022-11-22,5.824236696297433e-06,0.0004322054019013459,0.00021901481929882164
2022-11-23,-0.00020538957998026254,-0.0003332935989425083,-0.0002693415894613854
2022-11-24,0.00023540524916813824,-3.9191240837796115e-05,9.810700416517106e-05
2022-11-25,0.00011469309068180556,0.0003081612324810416,0.0002114271615814236
2022-11-26,4.966202963058753e-06,-0.0003705889638608517,-0.00018281138044889646
2022-11-27,-0.00017268918668749092,-0.0003007708991748956,-0.00023673004293119326
2022-11-28,-3.495546258655457e-05,-0.00021569997705409507,-0.00012532771982032482
2022-11-29,0.0001623754521712186,0.0002000489485109014,0.00018121220034106
2022-11-30,0.00010168821262800467,-0.00079329924242774,-0.00034580551489986767
2022-12-01,-0.00012813278235951865,0.00016893767205131436,2.0402444845897855e-05
2022-12-02,0.00021647614484499855,9.92936687441808e-05,0.00015788490679458967
2022-12-03,-2.795461562624729e-05,-6.406739481114136e-05,-4.601100521869432e-05
2022-12-04,2.5846818659995605e-05,-9.407966944776375e-05,-3.411642539388407e-05
2022-12-05,9.099096802533732e-05,7.451794494394391e-05,8.275445648464062e-05
2022-12-06,0.00015882604281961164,-2.1679316920915414e-05,6.857336294934812e-05
2022-12-07,-8.222492675052386e-05,8.366459479101455e-06,-3.69292336357112e-05
2022-12-08,3.036830665791993e-06,-0.00010502700586384754,-5.099508759902777e-05
2022-12-09,-3.0586860252190366e-05,0.0002639605094965713,0.00011668682462219045
2022-12-10,-0.00010378330417209066,-3.0776819844603554e-05,-6.728006200834711e-05
2022-12-11,-0.00042589599148458093,-0.00041048973704067767,-0.0004181928642626293
2022-12-12,0.0005066730207438783,0.0003411831546641814,0.00042392808770402987
2022-12-13,-0.001476923997655176,-0.0005971917676293307,-0.0010370578826422532
2022-12-14,0.0003984878089856552,0.00022038212527363983,0.0003094349671296475
2022-12-15,0.00048042013321963314,0.0007953446103836598,0.0006378823718016464
2022-12-16,0.00019056152732100298,0.00035108124767842594,0.0002708213874997145
2022-12-17,0.00015365006852170266,0.00012206141678144963,0.00013785574265157613
2022-12-18,9.060277163504629e-05,-1.367952594072534e-06,4.461740952048688e-05
2022-12-19,3.909039370071054e-05,-3.701014842103053e-05,1.0401226398400052e-06
2022-12-20,-2.181883027903497e-05,-4.68384858242419e-05,-3.4328658051638436e-05
2022-12-21,-3.760296680485151e-05,0.00011033027068938175,3.6363651942265124e-05
2022-12-22,0.00026472740916827075,0.00027406692674296194,0.0002693971679556163
2022-12-23,1.5001062930226156e-05,0.00017426010225588638,9.463058259305627e-05
2022-12-24,0.0004562322728047632,0.0001227313738247442,0.0002894818233147537
2022-12-25,-1.0779537720841168e-05,-5.011227543571233e-05,-3.0445906578276748e-05
2022-12-26,-2.5258715107828707e-05,0.0005645424540845175,0.0002696418694883444
2022-12-27,2.9562975509349845e-05,-0.0005086310724307035,-0.00023953404846067684
2022-12-28,0.00010537805497709511,6.067985909732477e-05,8.302895703720994e-05
2022-12-29,-0.00011681213887136327,-6.704013157288167e-05,-9.192613522212247e-05
2022-12-30,0.0005163850744130941,0.0004567292410122508,0.00048655715771267244
2022-12-31,0.0001601273954672205,0.00010565048292587471,0.0001328889391965476
2023-01-01,0.00022898246742632253,0.0004015576246746382,0.00031527004605048036
2023-01-02,-0.00010207577337992962,0.0005591851148339421,0.00022855467072700622
2023-01-03,0.00027331019362179635,-0.0002050102945961324,3.414994951283198e-05
2023-01-04,0.00010168410259988746,0.00021508006717120356,0.00015838208488554552
2023-01-05,0.0001069425248808245,0.00010749136846810055,0.00010721694667446252
2023-01-06,6.948284008317926e-05,0.0004868552031463929,0.00027816902161478606
2023-01-07,4.2908658131610946e-05,9.331537309111621e-06,2.6120097720361283e-05
2023-01-08,4.888046333459546e-05,-0.00013912854156355293,-4.512403911447873e-05
2023-01-09,0.00020780781849863826,1.1115583277911848e-05,0.00010946170088827506
2023-01-10,0.00026957839836108855,0.000616111937430493,0.0004428451678957908
2023-01-11,-0.00023220713225818908,8.308438785583628e-06,-0.00011194934673630272
2023-01-12,0.0002664609285353572,-0.0005552280969147189,-0.00014438358418968086
2023-01-13,-0.0006723148991211364,0.000632636228171109,-1.983933547501372e-05
2023-01-14,-0.00011928531757226897,0.00043157357696252814,0.00015614412969512957
2023-01-15,0.00020152697779144684,0.0002562519735874311,0.00022888947568943898
2023-01-16,0.0007334408277489507,6.878200483744713e-05,0.0004011114162931989
2023-01-17,0.0005695829821774595,0.000536215287348481,0.0005528991347629702
2023-01-18,-0.000200757947628642,-0.0003270579411369696,-0.0002639079443828058
2023-01-19,0.0004939171235146494,0.0005077052589680347,0.0005008111912413421
2023-01-20,-0.0005938545919663562,7.636783777075935e-05,-0.00025874337709779843
2023-01-21,0.00031521851852589093,0.00016187779559317546,0.00023854815705953318
2023-01-22,0.00018541797111215226,0.0003398366453107831,0.00026262730821146766
2023-01-23,0.00028793390036884907,0.00026604595226174447,0.00027698992631529677
2023-01-24,0.0003283027076940131,0.0005078759945432681,0.00041808935111864063
2023-01-25,0.00016876567991086107,0.0007738902728154878,0.00047132797636317445
2023-01-26,0.00038770089630190844,-0.00016342897447230558,0.00011213596091480143
2023-01-27,0.00018691110892407085,0.0005256566509269605,0.0003562838799255157
2023-01-28,0.00014337121735196907,-5.7575590528772864e-05,4.289781341159811e-05
2023-01-29,0.00013913627904182542,-0.0003529359295152452,-0.00010689982523670988
2023-01-30,0.00040450292813065273,0.0007121208886141611,0.0005583119083724069
2023-01-31,0.00011644431809531726,0.0003299531523978066,0.0002231987352465619
2023-02-01,0.00024918640784387817,0.00013326362473719706,0.0001912250162905376
2023-02-02,0.00018306068693618334,-0.00010693605522827225,3.806231585395554e-05
2023-02-03,0.0004095461692265006,0.00047629033592577356,0.0004429182525761371
2023-02-04,0.0002516373604317628,0.00030805534958033446,0.00027984635500604864
2023-02-05,0.00022903667037521165,0.00044512780225558095,0.0003370822363153963
2023-02-06,0.00023046038421303423,0.00031091880261524145,0.0002706895934141378
2023-02-07,0.00021711153553993385,0.0002057372986333755,0.00021142441708665467
2023-02-08,0.00035762799326010834,0.00013312276006260555,0.00024537537666135693
2023-02-09,0.0001853871123517164,0.0005513128079022117,0.00036834996012696406
2023-02-10,0.0002665093326708017,-1.8147295402439727e-05,0.00012418101863418099
2023-02-11,0.0003783112627062777,0.0003124211246427918,0.00034536619367453474
2023-02-12,0.00010559181973659434,-0.00016907572677053647,-3.174195351697106e-05
2023-02-13,-1.9632224394120836e-05,0.00019462709693769103,8.74974362717851e-05
2023-02-14,0.00032270176772960477,0.00031175568087524495,0.00031722872430242486
2023-02-15,-0.0008659082617013975,-0.0006502492701793927,-0.0007580787659403951
2023-02-16,0.00039178778848568684,-0.0002696295274160607,6.107913053481306e-05
2023-02-17,5.014528637314492e-05,0.0007874014386105538,0.00041877336249184936
2023-02-18,0.0006237015464852741,0.0003693111051791225,0.0004965063258321983
2023-02-19,0.00027582947699577746,-0.00020761842826700188,3.4105524364387793e-05
2023-02-20,-0.0005597481645029544,0.0004660445443537236,-4.685181007461542e-05
2023-02-21,0.0008791626009183556,0.0007895967555892019,0.0008343796782537788
2023-02-22,0.00025943397686200735,0.00042212403086183285,0.0003407790038619201
2023-02-23,0.0002325081723620482,0.00019854309990683525,0.00021552563613444172
2023-02-24,2.4885901218313385e-06,-4.6201036775617525e-05,-2.1856223326893093e-05
2023-02-25,-2.5254595837143397e-05,0.0002747467538133307,0.00012474607898809364
2023-02-26,-2.187665492231164e-05,-5.534630056493885e-05,-3.8611477743625246e-05
2023-02-27,0.0003640247082585918,0.000195120931136128,0.0002795728196973599
2023-02-28,0.0004786022674098357,0.0002521860955303693,0.0003653941814701025
2023-03-01,-0.0005238272376106705,3.55095653630321e-05,-0.00024415883612381923
2023-03-02,0.00024391407783647966,3.312358476793589e-05,0.00013851883130220778
2023-03-03,-0.0005111202035332591,9.887163554284664e-05,-0.00020612428399520625
2023-03-04,-2.357766387747528e-05,0.00010633267442569698,4.137750527411085e-05
2023-03-05,-7.600251937367407e-05,-2.766843508490364e-05,-5.183547722928885e-05
2023-03-06,0.00026778960763811386,0.00019689613792516937,0.00023234287278164163
2023-03-07,-0.00010905581150400719,8.153223371179435e-05,-1.376178889610642e-05
2023-03-08,0.00012501287736038392,0.00011575384377125332,0.00012038336056581862
2023-03-09,0.0004000816541382917,0.00027262470941217485,0.0003363531817752333
2023-03-10,-0.0009221429365448406,-0.0003400941113375625,-0.0006311185239412016
2023-03-11,-0.00018935462912956735,0.000271736931341981,4.119115110620682e-05
2023-03-12,0.00011875921339693404,-0.0001231276911716236,-2.184238887344779e-06
2023-03-13,-0.0017784934167998578,-0.000641975152953504,-0.001210234284876681
2023-03-14,5.9243997301699254e-05,0.00023325865232070748,0.00014625132481120337
2023-03-15,0.0010488625155339454,0.0010142339475927816,0.0010315482315633635
2023-03-16,0.0004935659094086292,0.0006955408641858801,0.0005945533867972547
2023-03-17,-0.0005080142090510927,-0.0016625110201631836,-0.0010852626146071382
2023-03-18,2.081787595808621e-05,0.0005412833347103701,0.0002810506053342282
2023-03-19,0.0009753277907503759,0.0005862181649326464,0.0007807729778415112
2023-03-20,-0.0002899474100042216,0.0002979071690609005,3.9798795283394655e-06
2023-03-21,0.00012112317953803366,-2.8274155829745687e-05,4.642451185414399e-05
2023-03-22,0.00015505768938623338,0.00010268466628736233,0.00012887117783679785
2023-03-23,-0.00016519062581223413,-0.0002086492453083078,-0.00018691993556027098
2023-03-24,0.00041664561116760583,0.0005924619135811954,0.0005045537623744006
2023-03-25,-1.598449434664778e-05,-8.085358573937831e-05,-4.8419040043013046e-05
2023-03-26,-0.0002483542852979402,7.853066760738324e-05,-8.491180884527849e-05
2023-03-27,8.893550300846141e-05,-2.2222502257882364e-05,3.3356500375289526e-05
2023-03-28,-4.145303615074584e-05,5.707406765416277e-05,7.810515751708466e-06
2023-03-29,0.00011024999438256043,0.0001604326055578056,0.000135341299970183
2023-03-30,0.00020078350423296623,3.893920318530111e-05,0.00011986135370913367
2023-03-31,-0.00018157350801788235,-0.0001242985698928472,-0.00015293603895536476
2023-04-01,0.000320546345676128,0.0005379500492006343,0.00042924819743838115
2023-04-02,0.00016538384092857866,0.00012665115685991048,0.00014601749889424457
2023-04-03,-0.00012661845448764365,-0.0003002253034636723,-0.00021342187897565798
2023-04-04,-9.339007818898735e-05,0.0003110833187148561,0.00010884662026293437
2023-04-05,0.00026420892752309315,0.00022739622415482612,0.0002458025758389596
2023-04-06,-0.00010188375534225046,2.5109087612594235e-05,-3.8387333864828115e-05
2023-04-07,0.00011748050616149907,3.830035180331591e-06,6.0655270670915336e-05
2023-04-08,-0.00011183273482686683,5.28058411831828e-05,-2.9513446821842015e-05
2023-04-09,-2.6120659714200864e-05,-4.9656428439954955e-05,-3.7888544077077906e-05
2023-04-10,2.31287724375686e-05,-0.00020504676507026077,-9.095899631634608e-05
2023-04-11,-0.00034273288162067734,0.0002993499769016876,-2.1691452359494867e-05
2023-04-12,0.00016618616615330352,-0.0002391786016255345,-3.64962177361155e-05
2023-04-13,8.097850513551349e-05,-0.0007474496913280786,-0.00033323559309628257
2023-04-14,0.0001502023958578403,0.0002381739533031629,0.0001941881745805016
2023-04-15,7.477205795555802e-05,-8.55981829223124e-05,-5.413062483377193e-06
2023-04-16,0.0001876940376703342,0.000542591250333731,0.0003651426440020326
2023-04-17,0.00014849810620882318,6.58397338438826e-05,0.00010716892002635289
2023-04-18,0.00015411536862731313,0.0004651241436600633,0.0003096197561436882
2023-04-19,-0.0005659077453902998,-0.00028308511042859984,-0.0004244964279094498
2023-04-20,0.0008941351213142457,0.0009094538134726361,0.0009017944673934408
2023-04-21,5.024201611890716e-05,6.162546181193453e-05,5.5933738965420845e-05
2023-04-22,0.00020369770988060032,0.00017255609377117407,0.00018812690182588718
2023-04-23,8.445495317736611e-05,-0.00024604138883857696,-8.079321783060543e-05
2023-04-24,2.7918620987368087e-05,7.289043306145135e-05,5.040452702440972e-05
2023-04-25,0.000157702352438112,0.00019764786390669942,0.0001776751081724057
2023-04-26,0.000182990566836099,0.00022113884323761063,0.0002020647050368548
2023-04-27,-0.00012971290993309446,-9.745140385112943e-05,-0.00011358215689211194
2023-04-28,0.00032676424098433096,0.0002124184555023472,0.0002695913482433391
2023-04-29,5.998762120690452e-05,2.2241967282271383e-05,4.111479424458795e-05
2023-04-30,0.00015343141374843874,0.001059021606687912,0.0006062265102181754
2023-05-01,-0.0001863941786236009,-0.0009561863211374222,-0.0005712902498805116
2023-05-02,-0.00010943813714048279,0.00020459968490928618,4.75807738844017e-05
2023-05-03,6.696597264009083e-05,0.00023485520829344276,0.0001509105904667668
2023-05-04,0.0003142282243736596,0.00023925232927559918,0.0002767402768246294
2023-05-05,9.643999997617205e-05,-1.9495612976639223e-05,3.8472193499766415e-05
2023-05-06,0.00024278992837933495,0.00023324131383037548,0.00023801562110485521
2023-05-07,0.00018818245593544097,-8.432309943477422e-05,5.1929678250333376e-05
2023-05-08,-0.00013670661579816653,0.00026705995132331347,6.517666776257347e-05
2023-05-09,0.00024917847436175346,2.2653050610673253e-05,0.00013591576248621334
2023-05-10,6.522814027084363e-05,0.00012164970573578046,9.343892300331204e-05
2023-05-11,-0.0006437606815663783,-0.0005299338345203009,-0.0005868472580433396
2023-05-12,6.051806264149703e-06,-0.00011140817552790771,-5.2678184631879e-05
2023-05-13,1.7253346877527677e-05,-0.00011001394470772458,-4.6380298915098457e-05
2023-05-14,0.0001096391453886672,5.369090525820393e-05,8.166502532343557e-05
2023-05-15,-0.00016526294278036688,-0.00014465634933316442,-0.00015495964605676565
2023-05-16,0.00010128399844408682,1.4195393747484015e-05,5.773969609578542e-05
2023-05-17,0.00016073259622698352,-5.57567831419224e-05,5.2487906542530565e-05
2023-05-18,0.00025976031786149694,0.000354615986208837,0.00030718815203516697
2023-05-19,3.648921940856563e-05,0.0001588823436090612,9.768578150881342e-05
2023-05-20,-2.886521870613157e-05,-3.553867949876061e-05,-3.220194910244609e-05
2023-05-21,0.0002773737219930242,5.7535788970561996e-05,0.0001674547554817931
2023-05-22,-0.00015001117354580554,-2.2302746819278522e-05,-8.615696018254203e-05
2023-05-23,0.0002647322971608373,0.00011388428254093002,0.00018930828985088365
2023-05-24,0.00021021577380154357,0.00032308247712169034,0.00026664912546161694
2023-05-25,0.00012887704245110218,-0.00016993433914696843,-2.0528648347933125e-05
2023-05-26,0.00019598668894137602,0.00023591611969612372,0.00021595140431874987
2023-05-27,0.0001681160676166314,0.00010815627011002334,0.00013813616886332737
2023-05-28,0.0001670633841367758,-0.00048004489397050884,-0.0001564907549168665
2023-05-29,0.0003988641457132141,0.0006052226115628129,0.0005020433786380135
2023-05-30,7.140065629112488e-05,3.0515496114192366e-05,5.0958076202658626e-05
2023-05-31,4.853641581068108e-06,0.00010061016775647812,5.2731904668773115e-05
2023-06-01,0.0003103098051609705,0.0003950839386785418,0.0003526968719197561
2023-06-02,6.494624329496672e-05,9.720639817327703e-05,8.107632073412187e-05
2023-06-03,0.00025881839568902345,3.276025676854978e-05,0.00014578932622878662
2023-06-04,-3.235157709304788e-05,0.00024811369886853943,0.00010788106088774578
2023-06-05,0.0003926995589785169,-6.997841748175986e-05,0.0001613605707483785
2023-06-06,-0.0001385421461643566,0.0002716676154202798,6.65627346279616e-05
2023-06-07,0.00021835807256745298,-0.00010342519864138468,5.746643696303415e-05
2023-06-08,4.9851354991000545e-05,5.590285589796893e-05,5.2877105444484736e-05
2023-06-09,7.078971133013184e-05,0.00010904238655781221,8.991604894397203e-05
2023-06-10,0.00023712196690007075,0.0001861878423706722,0.00021165490463537147
2023-06-11,8.647728546652567e-05,-7.78572624269437e-05,4.310011519790985e-06
2023-06-12,-9.544362108239595e-05,0.00022750052281779343,6.602845086769874e-05
2023-06-13,0.0003757234553882289,6.862168651360153e-06,0.00019129281201979453
2023-06-14,-4.8251797701949745e-05,0.00017500887822594432,6.337854026199729e-05
2023-06-15,-3.2661133012810914e-05,4.993883525781155e-05,8.63885112250032e-06
2023-06-16,-5.9189536878762346e-05,-0.0005515813009257722,-0.0003053854189022673
2023-06-17,0.00017909706807147873,7.628164582652137e-05,0.00012768935694900004
2023-06-18,0.00020577464598576538,0.00010442672341544638,0.00015510068470060587
2023-06-19,0.00027982708317455043,5.6497047767983665e-05,0.00016816206547126705
2023-06-20,-1.4877270808062823e-05,-0.00019404368667834765,-0.00010446047874320523
2023-06-21,-0.0010924502241345755,1.4265281458185676e-05,-0.000539092471338195
2023-06-22,0.00021826737677196821,0.0003425773844649665,0.00028042238061846736
2023-06-23,0.00053997456804666,0.0001006699870778237,0.00032032227756224185
2023-06-24,-5.319231464551549e-05,0.0001678085407635613,5.7308113059022906e-05
2023-06-25,0.0002869712909763194,0.0003612162899254661,0.00032409379045089274
2023-06-26,0.0003487755838554834,0.0002547494097892078,0.0003017624968223456
2023-06-27,0.00028277456565872376,-0.00010805538732608369,8.735958916632003e-05
2023-06-28,0.00022487211526709005,0.00020694792307921273,0.00021591001917315139
2023-06-29,9.651761683952557e-05,0.00016750462871468328,0.00013201112277710442
2023-06-30,0.0003319596026464216,-4.9287992781216716e-05,0.00014133580493260243
2023-07-01,0.00027681531245737516,0.0001951021748894904,0.00023595874367343276
2023-07-02,-6.069153206500871e-05,-8.712994624760333e-05,-7.391073915630602e-05
2023-07-03,0.00041279864330767295,0.0005885236494894658,0.0005006611463985694
2023-07-04,0.0003396736974952091,0.0002543582716794073,0.0002970159845873082
2023-07-05,0.00032029091001372793,0.0002450808583401814,0.00028268588417695466
2023-07-06,0.00016270436269144662,0.00010469324669543868,0.00013369880469344265
2023-07-07,-1.199133824258627e-07,0.0003773104135200456,0.00018859525006880985
2023-07-08,3.1153042759306978e-06,-0.00012472107546908676,-6.0802885596578037e-05
2023-07-09,0.00011873796258597206,8.943104188472668e-05,0.00010408450223534937
2023-07-10,5.656323574284018e-05,0.00014672749071867268,0.00010164536323075643
2023-07-11,2.9853956622607687e-05,2.5239153352304454e-06,1.6188935978919066e-05
2023-07-12,0.00014228626970659352,0.00033187051652093063,0.00023707839311376208
2023-07-13,7.011223886522588e-05,-0.0013849381967757683,-0.0006574129789552712
2023-07-14,0.00034908248589115724,0.0008344572555485335,0.0005917698707198454
2023-07-15,-0.0002082209591549599,-5.560161257142332e-05,-0.00013191128586319162
2023-07-16,0.00015444466514612557,0.00016208673194220022,0.00015826569854416288
2023-07-17,-8.996014905540533e-06,-3.735680763229545e-05,-2.3176411268917993e-05
2023-07-18,7.458777736649459e-05,2.2371713267961187e-05,4.847974531722789e-05
2023-07-19,0.00028156255463773956,0.0004383723967996194,0.0003599674757186795
2023-07-20,-3.554275840209418e-05,0.00013497831154100275,4.971777656945429e-05
2023-07-21,5.540227576035508e-05,-3.056074042611876e-05,1.242076766711816e-05
2023-07-22,-0.0001449414449925659,3.3940104840721564e-05,-5.5500670075922165e-05
2023-07-23,0.00030848987098474717,-1.6407584182432057e-05,0.00014604114340115756
2023-07-24,0.00025428773804697983,0.0002035552365929072,0.0002289214873199435
2023-07-25,0.0001821321711917065,8.481633369806653e-05,0.00013347425244488652
2023-07-26,0.00027603600755130546,0.00023475076440537885,0.00025539338597834214
2023-07-27,-0.00011071774765655516,0.0001276383460365732,8.460299190009014e-06
2023-07-28,0.0002699821059467034,0.0001095191572302862,0.0001897506315884948
2023-07-29,0.00010643826793197241,9.52970692053877e-05,0.00010086766856868005
2023-07-30,3.423154867024594e-05,0.0003300308406937647,0.0001821311946820053
2023-07-31,0.00017532979262575832,-0.0001626248009475121,6.3524958391231065e-06
2023-08-01,-0.00012413343370517373,-0.00011476529137432169,-0.00011944936253974771
2023-08-02,0.000559668089824879,0.00042844471626112983,0.0004940564030430044
2023-08-03,0.00028212103125235414,0.0004191190350174528,0.00035062003313490346
2023-08-04,0.00018787410112493455,2.2503211069097602e-05,0.00010518865609701608
2023-08-05,0.00020333483342855742,0.0003371487743472806,0.000270241803887919
2023-08-06,0.00017883611108293225,0.00011972450104077802,0.00014928030606185512
2023-08-07,9.5892833742778e-05,0.00018811421904116302,0.00014200352639197051
2023-08-08,0.0002561338101400809,0.00023335759953934946,0.0002447457048397152
2023-08-09,0.00018839646725251553,1.523356264299509e-05,0.00010181501494775531
2023-08-10,0.00032256340029965545,0.00034403925146735885,0.0003333013258835072
2023-08-11,0.00015856850164653504,-2.8931900321608232e-05,6.48183006624634e-05
2023-08-12,0.00020535827262785515,0.00012408071351367346,0.0001647194930707643
2023-08-13,0.0002155419627149163,3.9279473536613155e-05,0.00012741071812576472
2023-08-14,0.0002776195875538972,0.0002641254712323759,0.00027087252939313655
2023-08-15,0.00023697543047795528,0.00021090337157608056,0.00022393940102701792
2023-08-16,0.0003503992905946567,-0.0004702147612948038,-5.9907735350073525e-05
2023-08-17,-0.0004536809352591866,7.398668333387351e-05,-0.00018984712596265652
2023-08-18,3.636907209775326e-05,0.0002052281517911719,0.00012079861194446258
2023-08-19,-0.00012899124735912243,-0.0002748147752478209,-0.0002019030113034717
2023-08-20,-0.00011418304293385543,-0.00017102142423086963,-0.00014260223358236252
2023-08-21,-0.00011831112471438854,-0.0003311469487364632,-0.00022472903672542588
2023-08-22,-4.584776015102281e-05,-0.00015807927865366366,-0.00010196351940234324
2023-08-23,-7.783472886476912e-05,-0.00019269693354497807,-0.0001352658312048736
2023-08-24,0.0001676224231765826,0.00018838627290151085,0.00017800434803904672
2023-08-25,-0.0002468494501626061,-0.0003106603006168097,-0.00027875487538970786
2023-08-26,0.00024133857217545663,3.010193685060322e-05,0.00013572025451302994
2023-08-27,3.551176030922267e-05,-3.098848077441045e-05,2.2616397674061095e-06
2023-08-28,-0.0001262677637653793,-0.00013644530771373176,-0.00013135653573955554
2023-08-29,-2.4111948902667494e-05,-0.0002612723083735566,-0.00014269212863811205
2023-08-30,-4.099375119108194e-05,0.00039290893595023336,0.0001759575923795757
2023-08-31,0.00027303759051073006,-0.00013247626252670458,7.028066399201274e-05
2023-09-01,-5.8894821875480286e-05,0.00025398607259388115,9.754562535920043e-05
2023-09-02,6.722938978301687e-05,-0.00020311480408073253,-6.794270714885783e-05
2023-09-03,-6.660091468321924e-05,-9.004811389902678e-06,-3.780286303656096e-05
2023-09-04,8.296787434521196e-05,-0.000357495959709958,-0.000137264042682373
2023-09-05,1.4912492006180035e-05,0.0002110813178030567,0.00011299690490461836
2023-09-06,-2.603646947180813e-06,9.736150851528612e-06,3.5662519521738995e-06
2023-09-07,0.00012911231268554265,8.877962226986293e-05,0.00010894596747770279
2023-09-08,-0.00024214006848871978,-2.2966668309404213e-05,-0.000132553368399062
2023-09-09,-0.00016099446889383744,0.00010336676035330961,-2.8813854270263913e-05
2023-09-10,0.0001437896876147556,-0.0006367688411471605,-0.00024648957676620247
2023-09-11,-0.00013599938876257417,6.464784816217424e-07,-6.767645514047622e-05
2023-09-12,9.735741570502e-05,-0.00016901844210353182,-3.5830513199255906e-05
2023-09-13,-1.8770676821004913e-05,0.0001400014105809695,6.06153668799823e-05
2023-09-14,-5.0657336059640564e-05,-0.00014998320569926344,-0.000100320270879452
2023-09-15,-0.00019387481330597817,-0.00013373871170278552,-0.00016380676250438186
2023-09-16,3.794805871065953e-05,6.989412409702268e-05,5.392109140384111e-05
2023-09-17,-4.342544191658864e-05,5.3815908970193675e-05,5.195233526802517e-06
2023-09-18,-0.0002735585150167166,-0.00036030822060057345,-0.000316933367808645
2023-09-19,0.00014246640714243088,0.0001908312893854763,0.00016664884826395358
2023-09-20,-0.00013475651801534577,3.3263782096060064e-05,-5.074636795964285e-05
2023-09-21,1.323814725751104e-05,0.00010701538423476428,6.0126765746137655e-05
2023-09-22,-4.5525294160240574e-05,9.042681373297632e-05,2.2450759786367875e-05
2023-09-23,3.508693420676876e-05,-1.3122254416049813e-05,1.0982339895359475e-05
2023-09-24,-6.302984577406893e-05,2.083534257065393e-06,-3.0473155758501767e-05
2023-09-25,0.00020961324207021507,1.1861538008631698e-05,0.00011073739003942339
2023-09-26,-0.00016716113667714983,0.00010334657734004411,-3.190727966855286e-05
2023-09-27,0.0001665256512933355,0.00014015284139768766,0.0001533392463455116
2023-09-28,-0.000263586211555886,4.5319657516969146e-05,-0.00010913327701945842
2023-09-29,3.13999701926824e-05,-8.180873480527961e-05,-2.5204382306298606e-05
2023-09-30,-9.431842779197025e-05,-6.536429963314804e-05,-7.984136371255914e-05
2023-10-01,-7.799216635645343e-05,-0.00017659486151197268,-0.00012729351393421306
2023-10-02,1.611932264495896e-05,0.0003321758779271015,0.00017414760028603023
2023-10-03,-1.4068308834156661e-05,-2.7468593255815616e-05,-2.076845104498614e-05
2023-10-04,4.360061265696739e-05,2.4287902618525888e-05,3.394425763774664e-05
2023-10-05,-0.0001556044980616018,7.754363632107543e-05,-3.9030430870263185e-05
2023-10-06,-2.5841159550674883e-05,6.678062014036376e-05,2.046973029484444e-05
2023-10-07,8.619533921273682e-07,-9.112823039709258e-06,-4.125434823790945e-06
2023-10-08,-3.799992378461424e-05,0.0003904356800780911,0.00017621787814673843
2023-10-09,7.912359409441817e-05,0.00020067407720796316,0.00013989883565119067
2023-10-10,-3.2392639996482775e-05,0.00015183798316498385,5.972267158425054e-05
2023-10-11,4.407755419238604e-06,7.850462113726721e-05,4.145618827825291e-05
2023-10-12,0.00037234220094380994,-2.65728895045557e-05,0.0001728846557196271
2023-10-13,5.829983767412165e-05,4.392331856557309e-05,5.111157811984737e-05
2023-10-14,3.947091475441442e-05,0.00014697633791881676,9.322362633661559e-05
2023-10-15,5.005869565704941e-06,-5.685069590996299e-05,-2.5922413172129024e-05
2023-10-16,2.6448525306193233e-05,0.00029171266826531306,0.00015908059678575314
2023-10-17,-9.994885924285358e-05,0.00020271652783946523,5.138383429830582e-05
2023-10-18,-0.00010069440082883054,-6.636398492058061e-05,-8.352919287470558e-05
2023-10-19,-7.61632840354185e-05,-1.2213196931861084e-05,-4.418824048363979e-05
2023-10-20,-0.0010123822264278576,0.00015832864911953447,-0.00042702678865416156
2023-10-21,7.394494388836555e-05,-4.547781267304383e-05,1.423356560766086e-05
2023-10-22,-6.310723712834364e-05,0.00020432779267909077,7.061027777537356e-05
2023-10-23,-0.0011572278723433864,-0.0010276750074729641,-0.0010924514399081754
2023-10-24,0.0004299197812590543,0.00034949638077619516,0.00038970808101762474
2023-10-25,0.0003960589393515695,0.0002113292868762789,0.0003036941131139242
2023-10-26,-2.3867403628922752e-05,2.803539778850223e-05,2.0839970797897388e-06
2023-10-27,0.0003044711608297628,-0.00010336362263530356,0.00010055376909722963
2023-10-28,9.300804009592818e-05,0.00024348874176937814,0.00016824839093265316
2023-10-29,0.0003208204801922148,0.00036163994045079355,0.0003412302103215042
2023-10-30,6.685763098268234e-05,9.361480099219725e-06,3.8109555540951034e-05
2023-10-31,0.00016190266557047523,0.00010495956532563129,0.00013343111544805326
2023-11-01,0.00011826039690420893,0.00022397737631718202,0.00017111888661069548
2023-11-02,0.0007998997279795544,0.0012043680104215908,0.0010021338692005727
2023-11-03,0.0005504130022294623,0.0002557752469637369,0.00040309412459659964
2023-11-04,-0.00042145675261296263,-0.000196141228875017,-0.0003087989907439898
2023-11-05,-3.962310234085059e-05,5.8873266966737396e-05,9.625082312943405e-06
2023-11-06,0.0005001330809569732,0.00046162434178242555,0.0004808787113696994
2023-11-07,0.00026516068735526636,0.00022300081605263917,0.00024408075170395275
2023-11-08,0.00031984454815791756,0.0002262718220752374,0.00027305818511657746
2023-11-09,-0.0005259570720703628,-0.0006390389167092513,-0.000582497994389807
2023-11-10,-6.411604047266064e-05,0.0007394576682020962,0.0003376708138647178
2023-11-11,0.0001520219739560361,0.00042474124801482647,0.0002883816109854313
2023-11-12,0.0008718620592830533,0.0004593915089423358,0.0006656267841126946
2023-11-13,0.0005883945728562973,0.0006673000048563261,0.0006278472888563117
2023-11-14,0.0006915128966157484,0.0009620128089043739,0.0008267628527600611
2023-11-15,-0.00020222721133345394,-7.597980885221516e-05,-0.00013910351009283455
2023-11-16,0.0007703210618160075,0.00047109795288524263,0.000620709507350625
2023-11-17,0.0002700414317818827,0.00020052634505251683,0.00023528388841719976
2023-11-18,0.00027243976618040615,0.0003599699374078296,0.0003162048517941179
2023-11-19,0.00010816959247150366,-4.537060914267371e-05,3.139949166441498e-05
2023-11-20,0.00011634369379242722,4.2817264129686954e-05,7.958047896105709e-05
2023-11-21,0.0007112273297957788,0.0005307644038319253,0.0006209958668138521
2023-11-22,0.0001124645796896045,0.00015806024138697745,0.00013526241053829098
2023-11-23,0.00031837050459326436,0.00039022007313771083,0.0003542952888654876
2023-11-24,0.00043456840599087214,0.0002980347290973922,0.00036630156754413216
2023-11-25,0.0004233824853486739,0.0004015303553873655,0.0004124564203680197
2023-11-26,0.00012323047928941173,0.00039082716043891845,0.0002570288198641651
2023-11-27,0.00021296536300729636,7.457756800588073e-05,0.00014377146550658855
2023-11-28,0.00019723188414355215,0.00020270954699197092,0.00019997071556776154
2023-11-29,0.00039912286419030045,0.00038663172548835826,0.00039287729483932936
2023-11-30,9.319935285223175e-05,0.00021713531911282276,0.00015516733598252725
2023-12-01,0.0006179352728748993,0.00020556033279294945,0.0004117478028339244
2023-12-02,-6.837666799698185e-05,-0.00011424799000748058,-9.131232900223122e-05
2023-12-03,-0.0002266667465916678,0.00039312928063861156,8.323126702347189e-05
2023-12-04,-0.0005395228639044237,0.00027296045926605443,-0.0001332812023191846
2023-12-05,0.0001628622036401422,0.0001777667547723199,0.00017031447920623106
2023-12-06,0.00014558986813073156,0.00020126083233018173,0.00017342535023045664
2023-12-07,-6.564696174227562e-05,-0.0008529608298991141,-0.00045930389582069485
2023-12-08,0.00012425161326951265,0.00026442132592316366,0.00019433646959633814
2023-12-09,0.0009241317792065248,0.0007645334882361118,0.0008443326337213183
2023-12-10,0.00059769912421123,0.0006280505549788609,0.0006128748395950454
2023-12-11,0.00032781854757038136,0.0007961064377013398,0.0005619624926358605
2023-12-12,0.0003445190741068154,-3.5271339335677994e-05,0.0001546238673855687
2023-12-13,0.0004822468280179474,0.0003266898402653676,0.00040446833414165754
2023-12-14,0.00020328132054003463,0.00013667737821331956,0.0001699793493766771
2023-12-15,-0.00010960553375838737,0.0003787630205257885,0.00013457874338370057
2023-12-16,0.0005606460494499382,0.0003513576078196761,0.0004560018286348072
2023-12-17,8.163131446825174e-05,0.0001848741923608436,0.00013325275341454767
2023-12-18,0.00037527226087841664,0.0001591961583719491,0.00026723420962518286
2023-12-19,0.00011413208861709874,0.00037846539507635106,0.0002462987418467249
2023-12-20,0.0001740432223925595,-3.619395408898169e-05,6.892463415178891e-05
2023-12-21,0.0006797525558173773,0.0008876009171234779,0.0007836767364704276
2023-12-22,0.0008434538449724621,0.0013772410544359618,0.001110347449704212
2023-12-23,0.0004964537048087319,0.00023301919755154487,0.0003647364511801384
2023-12-24,0.0005460591960672355,0.0008101497581488101,0.0006781044771080228
2023-12-25,0.00021650579524169276,0.0005192859718590035,0.00036789588355034815
2023-12-26,0.000939181573656249,0.001219165599643643,0.001079173586649946
2023-12-27,0.0010601187371981383,0.0010504603215884172,0.0010552895293932777
2023-12-28,0.0006679616844425567,0.001441871182875967,0.0010549164336592619
2023-12-29,0.0016433880891303099,0.0013887311800218768,0.0015160596345760932
2023-12-30,0.0009672866628765397,0.0007977720111636014,0.0008825293370200705
2023-12-31,0.0010656974775755338,0.0005337599926403712,0.0007997287351079526
2024-01-01,0.0003273259535153573,0.0006765279173356697,0.0005019269354255135
2024-01-02,0.00209549916816688,0.0021020187519432045,0.0020987589600550425
2024-01-03,0.0009031997106313209,0.000896154150672656,0.0008996769306519885
2024-01-04,0.00043540542239861195,0.0003227936395570024,0.00037909953097780717
2024-01-05,0.000200050019413141,0.0006380822757964216,0.0004190661476047813
2024-01-06,0.0002003049183877353,0.00018543699157946454,0.00019287095498359992
2024-01-07,0.0006784938834151172,0.00035008734484842256,0.0005142906141317699
2024-01-08,-0.0015073344362191772,-0.000290266402608434,-0.0008988004194138056
2024-01-09,0.0005237585203163825,0.00040401124372812673,0.0004638848820222546
2024-01-10,0.00041704406186970515,-0.00035835045737779716,2.9346802245953994e-05
2024-01-11,0.00018546781227390559,4.043820060794673e-05,0.00011295300644092616
2024-01-12,0.00018779128609102853,0.0002529279577915227,0.0002203596219412756
2024-01-13,0.00037874073804499857,0.0003525865556802637,0.0003656636468626311
2024-01-14,-0.00078273020718644,-0.000110538359175742,-0.000446634283181091
2024-01-15,0.0003247545914216681,0.0005174455242190584,0.0004211000578203633
2024-01-16,0.00038666792058383463,0.0003336032438293573,0.00036013558220659596
2024-01-17,0.0001623555557980177,0.00020958644371126984,0.00018597099975464377
2024-01-18,0.0007248807204517332,0.0005160711832827808,0.000620475951867257
2024-01-19,-0.00020226466404594083,8.465092289018876e-06,-9.689978587846098e-05
2024-01-20,0.0003548893765873378,0.00023247905086209604,0.0002936842137247169
2024-01-21,0.0002445052514730111,0.0004370746100450478,0.00034078993075902945
2024-01-22,0.00024661582594564683,-0.0005836109030517142,-0.00016849753855303367
2024-01-23,0.0002715795397855119,0.0005552613895410913,0.0004134204646633016
2024-01-24,0.00039478779412182745,0.00023826576046603483,0.0003165267772939311
2024-01-25,0.0001903276201095055,0.0002660508487061191,0.0002281892344078123
2024-01-26,0.0005793989084451573,0.00041132653347230756,0.0004953627209587324
2024-01-27,0.00015155152029193103,0.0001796074828454456,0.0001655795015686883
2024-01-28,-1.3599918737019808e-05,8.256178295887694e-05,3.448093211092857e-05
2024-01-29,0.0003507913990374075,0.0002389614317624927,0.0002948764153999501
2024-01-30,0.00015273791002128276,0.0001688606576602047,0.00016079928384074373
2024-01-31,0.0002468712488746789,0.0003581088774997592,0.00030249006318721906
2024-02-01,0.000145049029408924,5.8941430643662424e-05,0.00010199523002629322
2024-02-02,0.0003547986363420202,0.00022686174940680803,0.0002908301928744141
2024-02-03,0.00018929752136709883,0.00026152277443207287,0.00022541014789958586
2024-02-04,9.495582567137101e-05,0.00015288825500766326,0.00012392204033951715
2024-02-05,0.0002695568497675898,0.00022938546269079703,0.0002494711562291934
2024-02-06,0.00034775117859554583,0.00014619503591341843,0.00024697310725448215
2024-02-07,0.0002228670989193928,9.336540672600605e-05,0.00015811625282269944
2024-02-08,2.145167886634453e-05,0.0001746111704415568,9.803142465395067e-05
2024-02-09,-0.0007898864314107192,0.00040483762607261683,-0.00019252440266905117
2024-02-10,0.0002776844257260201,3.781966358218084e-05,0.00015775204465410045
2024-02-11,-4.693896969321492e-05,0.00029913815897809095,0.000126099594642438
2024-02-12,-0.0001823332904539216,-0.0011144020045790184,-0.00064836764751647
2024-02-13,0.0006541230447452101,-7.211041059696337e-05,0.00029100631707412337
2024-02-14,-6.342816373919858e-05,2.3667499494237823e-05,-1.988033212248038e-05
2024-02-15,0.0001243943409266995,0.00016696791965773608,0.0001456811302922178
2024-02-16,-0.0004475186445786164,0.0003318523695403657,-5.7833137519125346e-05
2024-02-17,9.507125881667776e-05,0.0003076352558523454,0.0002013532573345116
2024-02-18,0.0005793886631786478,0.0003019887662957256,0.0004406887147371867
2024-02-19,0.0002972892887647583,-0.0006225190151302543,-0.00016261486318274801
2024-02-20,0.0003122588523390353,0.0004629624817596223,0.0003876106670493288
2024-02-21,0.0004409644561653544,0.0006269499341529228,0.0005339571951591386
2024-02-22,0.0003183818788878498,0.0003151245143871955,0.0003167531966375227
2024-02-23,0.0005115161079276862,0.00047072497075184176,0.000491120539339764
2024-02-24,-0.00011983231248325181,-0.00015985208121794108,-0.00013984219685059645
2024-02-25,0.0004324608874200771,0.0002934471785827531,0.0003629540330014151
2024-02-26,0.0006200441685395823,0.0008871449727536985,0.0007535945706466404
2024-02-27,0.0012241409925447088,0.001221912180422098,0.0012230265864834034
2024-02-28,-0.00030186373288914025,-7.729514550769718e-05,-0.00018957943919841873
2024-02-29,0.0015159036988055795,0.002170444285735817,0.0018431739922706984
2024-03-01,0.002154575382696288,0.0015814870275075207,0.0018680312051019042
2024-03-02,0.0011870985611400471,0.001425889393014277,0.001306493977077162
2024-03-03,0.0011827655275315678,0.0008627571935042646,0.0010227613605179162
2024-03-04,0.002073421680168569,0.002032774284009116,0.0020530979820888424
2024-03-05,0.0024051765339165865,0.0019841014766533178,0.002194639005284952
2024-03-06,0.0006694967671440761,-0.0001891214246546552,0.00024018767124471047
2024-03-07,0.001172141656975565,0.001110349100685806,0.0011412453788306855
2024-03-08,0.0013064981452247462,0.0014677008666298707,0.0013870995059273084
2024-03-09,0.0007691249961989435,0.0009310357186709323,0.0008500803574349379
2024-03-10,0.0006983666072613836,0.001079200938909592,0.0008887837730854877
2024-03-11,0.0014192065775080244,0.0008643590095139126,0.0011417827935109686
2024-03-12,0.0016023885059193999,0.0018895718640391094,0.0017459801849792546
2024-03-13,0.0014804917518197974,0.0014788737466867562,0.0014796827492532768
2024-03-14,0.0007216054637763338,0.0013222403615521707,0.0010219229126642523
2024-03-15,0.0012523520520934088,0.0013359305182760607,0.0012941412851847347
2024-03-16,-2.6290279329084935e-06,0.0004175657465463597,0.00020746835930672558
2024-03-17,0.00047159151203672616,0.0005787430073680953,0.0005251672597024107
2024-03-18,0.0009504775681640055,0.0006016076001169104,0.0007760425841404579
2024-03-19,0.0006594200235496556,-0.0006701431687787878,-5.36157261456612e-06
2024-03-20,0.0007273077394357835,0.00011079015252201858,0.00041904894597890105
2024-03-21,0.0001356684869313108,0.00013146966821687346,0.00013356907757409214
2024-03-22,0.0007016363934349857,0.000776069536072544,0.0007388529647537649
2024-03-23,3.772253396141256e-05,0.00038169515581125673,0.00020970884488633463
2024-03-24,0.0001324812415411835,0.0003531223652128428,0.00024280180337701314
2024-03-25,0.0005963977492993133,0.0002044271861249238,0.00040041246771211855
2024-03-26,0.000603197482387928,0.0008545607996661143,0.0007288791410270212
2024-03-27,0.000800216569865518,0.000435814437362728,0.000618015503614123
2024-03-28,0.0009385485966058631,0.001211649878837097,0.00107509923772148
2024-03-29,0.00073839131636412,0.0010057922990930176,0.0008720918077285689
2024-03-30,0.0007326686246420876,0.0009357226234999308,0.0008341956240710092
2024-03-31,0.0006132139608182292,0.0011969602401639462,0.0009050871004910876
2024-04-01,0.0017214497086429194,0.0013846476691888863,0.0015530486889159029
2024-04-02,0.0006321687175143636,0.0006431034604627998,0.0006376360889885817
2024-04-03,0.0005561630908136289,2.4359065582731325e-05,0.00029026107819818013
2024-04-04,0.0002855903610504656,9.954441078885041e-05,0.00019256738591965798
2024-04-05,0.0002341569871672183,0.00037498139482460994,0.0003045691909959141
2024-04-06,0.0003414465269361249,0.00046697191686885547,0.0004042092219024902
2024-04-07,9.883909730900748e-05,0.00014389364174560322,0.00012136636952730535
2024-04-08,-0.00023171179618434483,0.00021184591025658644,-9.932942963879193e-06
2024-04-09,0.0006992272582256,0.0005639885508817465,0.0006316079045536732
2024-04-10,0.00030880721552150095,0.000679559324888943,0.000494183270205222
2024-04-11,0.0004867096791409202,0.00028151120641255607,0.00038411044277673813
2024-04-12,0.0006457833024093406,0.000320198813189339,0.00048299105779933975
2024-04-13,0.0005911996142179371,0.00010554572376514498,0.00034837266899154104
2024-04-14,0.0008361219372231515,0.0002215793624918932,0.0005288506498575224
2024-04-15,3.1520007434311294e-05,6.365389462746851e-05,4.7586951030889905e-05
2024-04-16,-2.9105138745263603e-05,0.0001662863110346205,6.859058614467845e-05
2024-04-17,0.00024316616835302893,0.00022542170535800576,0.00023429393685551735
2024-04-18,1.293421347487897e-05,-2.673912880394247e-05,-6.90245766453175e-06
2024-04-19,0.0001207681536702218,5.7567434016688995e-05,8.91677938434554e-05
2024-04-20,0.0001418263396343057,0.00012237459683043687,0.0001321004682323713
2024-04-21,-7.073913051340716e-05,0.0001346765014830619,3.1968685484827365e-05
2024-04-22,4.472659750217087e-05,-6.633097954908217e-05,-1.0802191023455652e-05
2024-04-23,-7.401135955757408e-05,-4.42515587611021e-05,-5.913145915933809e-05
2024-04-24,0.00019021244082674491,0.000247864311713053,0.00021903837626989893
2024-04-25,-0.00016687652710468208,-0.0001066074933533678,-0.00013674201022902496
2024-04-26,5.220446171159799e-05,3.3038117332419074e-05,4.262128952200853e-05
2024-04-27,0.0003666644372214731,0.00015637166306148512,0.0002615180501414791
2024-04-28,-0.00011902231353021537,0.00014203570788088305,1.1506697175333843e-05
2024-04-29,0.00014287046671706213,0.0002871896153626475,0.0002150300410398548
2024-04-30,4.1079213454923046e-05,0.00013239700803188023,8.673811074340164e-05
2024-05-01,-9.047545023509502e-05,0.00011972939906826257,1.4626974416583776e-05
2024-05-02,-0.00043325491350312004,6.0664970420619466e-05,-0.0001862949715412503
2024-05-03,2.001199422967075e-05,-8.262427458998725e-05,-3.1306140180158254e-05
2024-05-04,8.938129259270289e-05,0.000309885265586873,0.00019963327908978796
2024-05-05,-3.145674047431075e-06,3.30863471296151e-05,1.4970336541092012e-05
2024-05-06,-5.257668813089533e-06,0.000167862663326986,8.130249725694823e-05
2024-05-07,1.494215550908254e-05,1.5000949870674228e-05,1.4971552689878384e-05
2024-05-08,0.0003259909027325923,0.00021434351585901843,0.0002701672092958054
2024-05-09,3.0912743991858394e-05,0.00044377599840050456,0.00023734437119618147
2024-05-10,6.95356829283309e-05,0.0001140374802171436,9.178658157273725e-05
2024-05-11,4.147701859660547e-05,8.497333919847989e-05,6.322517889754269e-05
2024-05-12,0.00027559282960425325,0.0003839159977076532,0.0003297544136559532
2024-05-13,0.00011253010889224243,4.6880369409776076e-05,7.970523915100925e-05
2024-05-14,0.00024056382068002164,0.0002019361859389169,0.00022125000330946927
2024-05-15,-0.0007585324927603744,0.0004113103462940495,-0.00017361107323316246
2024-05-16,-0.0001236023378519791,0.00010687315935917354,-8.364589246402787e-06
2024-05-17,0.0003638436711649863,5.7692337002919e-05,0.00021076800408395264
2024-05-18,-0.00022444328660945037,0.00011706098130432103,-5.369115265256467e-05
2024-05-19,0.00021359937584736712,0.00010543776504778174,0.00015951857044757442
2024-05-20,-0.0007397673088311836,-0.002569649802542586,-0.001654708555686885
2024-05-21,0.0002649936063524566,0.0003083437471359315,0.00028666867674419406
2024-05-22,-0.0002279224089591361,0.0003187815096161421,4.542955032850301e-05
2024-05-23,0.00046730639425917757,0.0005201092090171239,0.0004937078016381507
2024-05-24,0.00036050771547079967,0.00028345361091574754,0.0003219806631932736
2024-05-25,0.0003348367363084042,9.63252099489514e-05,0.00021558097312867778
2024-05-26,0.00028371294899531434,0.00047341289013391345,0.0003785629195646139
2024-05-27,0.00012043432094743396,3.5050202540905466e-05,7.774226174416972e-05
2024-05-28,3.3026221824990436e-05,0.00014206646359302602,8.754634270900823e-05
2024-05-29,0.0003343461726630624,0.00030352012417582494,0.0003189331484194437
2024-05-30,8.647342424927424e-05,0.0006854536993576305,0.0003859635618034524
2024-05-31,0.0005104460346808702,0.00037518202489100804,0.0004428140297859391
2024-06-01,0.00022331380381877177,0.00033390426082502623,0.000278609032321899
2024-06-02,0.0001264224809592834,3.647784930587856e-05,8.145016513258098e-05
2024-06-03,0.0002756083355591192,0.0005202171788562687,0.00039791275720769395
2024-06-04,0.0002659128571736073,6.792147780686401e-05,0.00016691716749023564
2024-06-05,0.0005538269236945687,0.0005352049108392051,0.000544515917266887
2024-06-06,0.00021187065099577632,0.0004081096974224082,0.00030999017420909225
2024-06-07,0.00036641955694103717,0.0005936878087611991,0.00048005368285111813
2024-06-08,3.1990581437764625e-05,0.0005002964854255959,0.0002661435334316803
2024-06-09,0.0004920449538697818,7.775640040963034e-05,0.0002849006771397061
2024-06-10,0.00024221243024801937,6.526511466519886e-05,0.00015373877245660912
2024-06-11,0.0004674756731319856,0.0005373819715411804,0.000502428822336583
2024-06-12,0.00020275754841813816,0.0003572406251665066,0.00027999908679232237
2024-06-13,0.00017970915501186064,0.00036616145600587173,0.00027293530550886617
2024-06-14,0.0004420189404947777,0.0004475721716298247,0.0004447955560623012
2024-06-15,0.000398007493344617,0.00019948664055024652,0.00029874706694743173
2024-06-16,0.00030349740695967013,0.0003667950418663151,0.0003351462244129926
2024-06-17,0.00044689968013111474,0.0003689728523798618,0.00040793626625548827
2024-06-18,0.00012989750745543796,-2.461550087763803e-05,5.264100328889997e-05
2024-06-19,0.00015447362138188892,0.0002865732584775969,0.0002205234399297429
2024-06-20,-7.42177093380712e-05,0.00016204746659302522,4.391487862747701e-05
2024-06-21,0.0002032327127333394,2.86538693509551e-06,0.00010304904983421746
2024-06-22,0.00018311595208535833,0.00016112220629969527,0.00017211907919252681
2024-06-23,4.8411468941559264e-05,-2.314746901640046e-05,1.2631999962579403e-05
2024-06-24,0.0004259399601009603,0.00019775737860181525,0.0003118486693513878
2024-06-25,0.00010660111961416827,0.00040933002170661807,0.00025796557066039315
2024-06-26,-0.00011685529487104722,-6.1350037599034414e-06,-6.149514931547533e-05
2024-06-27,0.0005876587331717881,3.619895963657577e-05,0.00031192884640418193
2024-06-28,-0.0001835496988709146,0.00037691538278949603,9.668284195929072e-05
2024-06-29,0.0003505183852784382,0.0004169136029223935,0.00038371599410041583
2024-06-30,0.0002644470688201133,0.00031562360404191074,0.000290035336431012
2024-07-01,0.0002674517859900765,0.00013633855391292522,0.00020189516995150085
2024-07-02,0.0003173003221348352,0.0001973642786853263,0.00025733230041008074
2024-07-03,6.601199406852272e-05,0.00019319470663925082,0.00012960335035388677
2024-07-04,-0.0005709333940395388,-0.0008318475662109333,-0.0007013904801252361
2024-07-05,0.0004297041646987189,0.000323090793761519,0.00037639747923011896
2024-07-06,-4.954764425412916e-06,0.0002229188141157531,0.00010898202484517009
2024-07-07,0.0003960714574152612,-4.2273077226179105e-05,0.00017689919009454105
2024-07-08,5.646700947701759e-05,0.00015073621988211547,0.00010360161467956654
2024-07-09,0.0002893273259852097,0.00036881325713036556,0.00032907029155778767
2024-07-10,0.00010355603032876257,6.966196274194888e-05,8.660899653535572e-05
2024-07-11,0.0004210328858624784,0.00013838591765571385,0.0002797094017590961
2024-07-12,-0.0001043607565631262,-0.00014192722857895464,-0.00012314399257104042
2024-07-13,0.0003583069625872779,0.0005939989835499951,0.0004761529730686365
2024-07-14,0.00018460453644672764,-1.3267362705089325e-05,8.566858687081916e-05
2024-07-15,-0.0009573050246201768,-0.0007773874629003627,-0.0008673462437602697
2024-07-16,0.0002434994342199583,0.00010510453914860688,0.0001743019866842826
2024-07-17,-0.0002018549826842326,7.594933054304727e-05,-6.295282607059267e-05
2024-07-18,-4.710292021127508e-05,0.0002856024414995726,0.00011924976064414876
2024-07-19,8.639069307561382e-05,0.00010762512712495358,9.70079101002837e-05
2024-07-20,0.0001314942184540813,0.00016353168497285268,0.000147512951713467
2024-07-21,-0.000314590206184193,0.00015299534549463988,-8.079743034477656e-05
2024-07-22,0.00010077023112634734,7.605754054635215e-05,8.841388583634974e-05
2024-07-23,-5.246789536285838e-05,0.00024350846563159112,9.552028513436637e-05
2024-07-24,0.0002067085493699899,0.0001666116541440033,0.0001866601017569966
2024-07-25,0.0004262513947664819,0.00021004386740033364,0.00031814763108340777
2024-07-26,0.0001531075298361289,-2.0632845187459714e-05,6.623734232433459e-05
2024-07-27,0.0002918326979119133,-0.00012487607691163605,8.347831050013864e-05
2024-07-28,0.00012911174397778314,0.0005248518479922209,0.00032698179598500204
2024-07-29,0.00012086276896747198,-4.054166241569471e-05,4.016055327588864e-05
2024-07-30,0.00010927815705759897,0.00030545991959118494,0.00020736903832439195
2024-07-31,2.915256322223247e-05,0.0002474579673658011,0.0001383052652940168
2024-08-01,0.00023074797826128153,0.0002483359120944489,0.0002395419451778652
2024-08-02,0.00010388467816601794,-0.0008679812847969733,-0.00038204830331547767
2024-08-03,0.0001650502487114585,0.0002718549988610399,0.00021845262378624922
2024-08-04,-0.0003637551906063203,-0.000632263629547262,-0.0004980094100767911
2024-08-05,0.0006635289546228095,-0.0006256251597985808,1.8951897412114362e-05
2024-08-06,-0.0006628030871488906,-0.000459544768287144,-0.0005611739277180173
2024-08-07,0.0002260523756714737,7.249354152823839e-06,0.00011665086491214877
2024-08-08,-0.0002680004550122547,-0.0015491363537579806,-0.0009085684043851176
2024-08-09,0.00037675418139745655,0.0003678932244257457,0.00037232370291160114
2024-08-10,-0.0003115434737485105,-5.060621695211386e-06,-0.00015830204772186094
2024-08-11,-0.00014998847847190485,-0.00020939569057744248,-0.00017969208452467368
2024-08-12,7.697165421713192e-05,0.00022988190199881207,0.000153426778107972
2024-08-13,0.00010672231613495183,2.2311353050840953e-05,6.45168345928964e-05
2024-08-14,-0.00014282815299411123,-2.3511109675084423e-05,-8.316963133459783e-05
2024-08-15,-0.00021010948457292434,-6.493281507721218e-05,-0.00013752114982506825
2024-08-16,-0.0003677839782052614,3.517640257043216e-05,-0.00016630378781741463
2024-08-17,6.544300972451282e-05,-4.706708303033294e-05,9.18796334708994e-06
2024-08-18,0.00017519372834392283,-4.867760165695478e-05,6.325806334348402e-05
2024-08-19,-0.00017283342496077943,-0.00025997394150391773,-0.00021640368323234857
2024-08-20,-0.0002612315389307644,1.7909919565417194e-05,-0.0001216608096826736
2024-08-21,2.6235267531939976e-05,4.404331603078168e-05,3.513929178136083e-05
2024-08-22,-0.0003005647804177135,-0.000181785963864519,-0.00024117537214111626
2024-08-23,-0.0009835251633725835,5.6536180159804185e-05,-0.00046349449160638966
2024-08-24,0.00026935169824204576,-0.00011777404005326508,7.578882909439034e-05
2024-08-25,-0.00032494421301919817,0.00014829945906444253,-8.832237697737782e-05
2024-08-26,3.6517868366381944e-05,-2.874966949600449e-05,3.884099435188726e-06
2024-08-27,0.0003527670376001503,0.0004704212308288312,0.00041159413421449075
2024-08-28,-7.082499702502356e-05,-0.00017563108963679567,-0.00012322804333090963
2024-08-29,-0.00018601895011922056,-0.00027359980366339107,-0.0002298093768913058
2024-08-30,-2.0368461054249397e-05,0.0001357231458840039,5.767734241487725e-05
2024-08-31,-2.437604958060589e-05,3.6429864207180596e-05,6.026907313287354e-06
2024-09-01,-0.000897195459754736,-6.995289577180487e-05,-0.00048357417776327043
2024-09-02,-7.644359391421223e-05,0.0002762032682898752,9.98798371878315e-05
2024-09-03,0.0002535706040383682,4.5583766033671493e-05,0.00014957718503601984
2024-09-04,-8.394328259009509e-05,0.00012023155908574509,1.8144138247825e-05
2024-09-05,9.493814539970007e-05,-0.000555714072914233,-0.00023038796375726649
2024-09-06,0.00010115840243895172,9.194481152676595e-05,9.655160698285884e-05
2024-09-07,-0.00032948702072624087,-0.00017569919093558933,-0.0002525931058309151
2024-09-08,-0.00013448247812135165,7.488007409100976e-05,-2.9801202015170944e-05
2024-09-09,-0.00022680575046903247,5.121506428468024e-05,-8.779534309217611e-05
2024-09-10,-0.00026637530931588216,-0.00023537593437655078,-0.00025087562184621646
2024-09-11,-8.30360266056901e-05,3.281331329017114e-05,-2.511135665775948e-05
2024-09-12,-3.593972495464505e-05,-2.5644400459306917e-05,-3.0792062706975984e-05
2024-09-13,-3.4500457686410837e-06,9.73861135714965e-05,4.6968033901427714e-05
2024-09-14,-0.00031882466184504654,-7.857620948020415e-06,-0.00016334114139653349
2024-09-15,-1.459326810554555e-05,4.328312622423383e-05,1.434492905934414e-05
2024-09-16,4.635876213143795e-06,-0.00022462373716873737,-0.00010999393047779678
2024-09-17,0.0001858245289003334,0.00018785664130158112,0.00018684058510095726
2024-09-18,-2.1037148278801796e-05,-0.0001794756921569817,-0.00010025642021789174
2024-09-19,-0.00016695305048058546,0.00010627643311281196,-3.0338308683886754e-05
2024-09-20,-0.0005716402877206389,0.000436509613400177,-6.756533716023092e-05
2024-09-21,0.00030334122949316215,-0.0007137788065007991,-0.00020521878850381846
2024-09-22,0.00011301026076714107,0.00018114071524947503,0.00014707548800830806
2024-09-23,0.00022067299433560687,0.00014009075190095388,0.0001803818731182804
2024-09-24,-0.00026062210636857206,0.0001590238952017277,-5.079910558342217e-05
2024-09-25,0.00013518922715017684,-2.6725309148478727e-05,5.423195900084906e-05
2024-09-26,0.00011057009721183891,0.00025316644795713485,0.0001818682725844869
2024-09-27,-1.2979351825557991e-05,9.120750181943515e-05,3.911407499693858e-05
2024-09-28,0.00025882035622241424,0.00039097728612904915,0.0003248988211757317
2024-09-29,3.989109641369129e-05,-9.30763613845874e-06,1.5291730137616274e-05
2024-09-30,-8.756803063624988e-05,5.825456372399528e-05,-1.4656733456127301e-05
2024-10-01,0.000259136583496074,9.563639167381083e-05,0.0001773864875849424
2024-10-02,0.0003787397808217123,0.0005039781711852542,0.00044135897600348326
2024-10-03,5.619319159733601e-05,-0.0006266525516734195,-0.00028522968003804174
2024-10-04,0.00017336931444240835,8.373110578584734e-05,0.00012855021011412785
2024-10-05,-0.0001725852744410947,0.00018202833266300837,4.721529110956842e-06
2024-10-06,3.10853270137737e-05,9.926765105300705e-05,6.517648903339038e-05
2024-10-07,-5.9631332408211016e-05,7.14517260142733e-05,5.91019680303114e-06
2024-10-08,0.00013066666788402284,0.00018623429247998592,0.00015845048018200438
2024-10-09,0.0001982987439683998,6.45535653185855e-05,0.00013142615464349264
2024-10-10,0.00015102710966702178,0.0004639788335601144,0.0003075029716135681
2024-10-11,-9.952549445693334e-05,9.659944633941782e-05,-1.4630240587577625e-06
2024-10-12,3.294010826748932e-05,0.0002639959025427203,0.00014846800540510482
2024-10-13,-1.5265255731657994e-05,-3.329547139882376e-05,-2.428036356524088e-05
2024-10-14,1.782630243649148e-05,-0.0006689295108066543,-0.0003255516041850814
2024-10-15,0.00032567137266503336,0.00016146071379418865,0.000243566043229611
2024-10-16,0.0002214816394810957,0.0002999359108227755,0.0002607087751519356
2024-10-17,8.768289561200289e-05,0.00028062413286966285,0.00018415351424083286
2024-10-18,0.00042377179683061476,0.00033729326385600493,0.00038053253034330984
2024-10-19,0.00018943905733015016,0.00014241210508291908,0.00016592558120653462
2024-10-20,2.893226505939645e-05,-0.00010232661268217262,-3.6697173811388084e-05
2024-10-21,0.00016290768605131285,0.0003056906764032879,0.00023429918122730035
2024-10-22,0.00034562354494093887,0.000513572146325188,0.00042959784563306345
2024-10-23,0.0003591275446591618,0.00023441124281453225,0.000296769393736847
2024-10-24,0.00028786598169927173,0.00010000128903120016,0.00019393363536523593
2024-10-25,0.00018735643905798012,0.0002512660373528113,0.0002193112382053957
2024-10-26,0.0002004623002661627,0.0003026838876302134,0.00025157309394818804
2024-10-27,0.00028746401663724873,0.0001547792948642895,0.00022112165575076913
2024-10-28,-0.0005082430432767924,0.00048552501880527336,-1.1359012235759536e-05
2024-10-29,-0.0001222865542810409,-0.0003378139936668396,-0.00023005027397394025
2024-10-30,0.00019269467588467089,0.0003037703652147799,0.00024823252054972537
2024-10-31,-4.005802021767429e-05,0.00034998203689695244,0.00015496200833963906
2024-11-01,0.0006063550203738682,0.00017648679333137236,0.0003914209068526203
2024-11-02,0.0003634691703766584,0.0005129605439573265,0.00043821485716699247
2024-11-03,0.0003184817008017276,0.00019401861871570387,0.0002562501597587157
2024-11-04,0.0002428326503226513,0.0002994998456775604,0.00027116624800010584
2024-11-05,0.00031737214738225154,0.0004948179491927013,0.00040609504828747643
2024-11-06,-0.00010179234894314553,-0.0005881370569305842,-0.00034496470293686487
2024-11-07,0.0003303205765138278,-7.756558917330504e-05,0.00012637749367026135
2024-11-08,0.0005114051520894686,0.00011541775909884195,0.00031341145559415527
2024-11-09,-5.258446946310563e-05,-3.522228847819114e-05,-4.3903378970648384e-05
2024-11-10,-0.0010322722615429825,0.00016875142964546281,-0.0004317604159487598
2024-11-11,-0.0006090183293204356,-0.0008807382047637454,-0.0007448782670420905
2024-11-12,0.0020195444720026933,0.00166395173831256,0.0018417481051576268
2024-11-13,0.0001097925277844885,0.0004850765766835589,0.0002974345522340237
2024-11-14,0.00016582486881344278,0.0001566103702056967,0.00016121761950956974
2024-11-15,0.00028389569132423006,0.00037278678385447846,0.00032834123758935423
2024-11-16,0.0005282193828985589,0.0005461997468815803,0.0005372095648900696
2024-11-17,0.00012234639115700645,7.266998397022269e-05,9.750818756361457e-05
2024-11-18,0.0005937035145270932,0.0003661647207747699,0.00047993411765093153
2024-11-19,0.0010310112502004952,0.0010934822804795478,0.0010622467653400216
2024-11-20,0.00035661086310445226,0.0006776448251959484,0.0005171278441502003
2024-11-21,-0.0010267737253674292,-0.0003292973669036819,-0.0006780355461355556
2024-11-22,0.0004725119755512002,0.0011486850084798,0.0008105984920155001
2024-11-23,-3.9567338814831594e-05,0.0006894399009189893,0.00032493628105207886
2024-11-24,0.0005159993359701941,0.0008202966398800861,0.0006681479879251401
2024-11-25,0.0003932089686163129,0.0006758867903598658,0.0005345478794880894
2024-11-26,0.0006881862489998191,0.000302774678677383,0.0004954804638386011
2024-11-27,0.0006175379706161935,0.000628649264425768,0.0006230936175209807
2024-11-28,0.00021734597468022694,0.00026035564398548824,0.0002388508093328576
2024-11-29,0.0004293920854658749,0.0003995377600005453,0.00041446492273321007
2024-11-30,0.00033577109160553187,-4.742432527577533e-05,0.00014417338316487826
2024-12-01,0.00013449723557834193,-0.00015568409958371457,-1.0593432002686321e-05
2024-12-02,0.0008902668080812092,0.0010890112949923762,0.0009896390515367927
2024-12-03,0.0002809737902217836,0.0008465369708659792,0.0005637553805438814
2024-12-04,0.00032319681323695937,0.0002349785259380929,0.0002790876695875261
2024-12-05,0.0017800747030434314,0.0012434534180218496,0.0015117640605326406
2024-12-06,0.00033029468190566975,0.00048453118381824254,0.00040741293286195615
2024-12-07,0.0004720882771868232,0.0006540025949212183,0.0005630454360540208
2024-12-08,0.00028912450205349137,0.0007812242700705418,0.0005351743860620166
2024-12-09,0.0002711688827956173,0.00026448515204987016,0.0002678270174227437
2024-12-10,0.0012793696787320966,0.0009060157976435962,0.0010926927381878465
2024-12-11,0.000621020692208481,0.0006377599426773367,0.0006293903174429088
2024-12-12,0.00019516448493528011,0.00016327296189155456,0.00017921872341341734
2024-12-13,0.0005433164341549462,0.0002778593668043521,0.0004105879004796492
2024-12-14,-2.7002732933447458e-05,0.0002926808271066466,0.00013283904708659956
2024-12-15,8.308338222699408e-05,0.0001971472458482624,0.00014011531403762824
2024-12-16,0.0004273715408621021,0.0002276571342292899,0.000327514337545696
2024-12-17,0.0003474917320090744,0.00038335475397976597,0.0003654232429944202
2024-12-18,-5.195159833890108e-07,7.697133202536904e-05,3.8225908020990016e-05
2024-12-19,0.00030900773824226894,-5.729614805064006e-05,0.00012585579509581443
2024-12-20,0.0003791240079077345,0.0004803034711809944,0.00042971373954436447
2024-12-21,4.607704237813889e-05,0.0002898122037575682,0.00016794462306785353
2024-12-22,0.00024369224394647784,-0.0005421218415001198,-0.000149214798776821
2024-12-23,0.00012948158315785924,0.0002461187337563943,0.00018780015845712677
2024-12-24,0.0003342826112661084,3.5904946408870225e-05,0.00018509377883748932
2024-12-25,0.000386851146376817,8.402165939811664e-05,0.00023543640288746682
2024-12-26,0.0001435000794745483,0.00029026255004863496,0.00021688131476159161
2024-12-27,0.00022445364098599592,0.00014979343433201646,0.0001871235376590062
2024-12-28,0.00018702859637855583,9.113353516470958e-05,0.0001390810657716327
2024-12-29,0.000242292877811774,0.0001661224058310244,0.0002042076418213992
2024-12-30,6.25730700411004e-05,0.000419437323708634,0.00024100519687486719
2024-12-31,0.00018016751110338676,8.743444312614573e-05,0.00013380097711476624
2025-01-01,7.381363722369245e-05,0.0002102374725568806,0.00014202555489028652
2025-01-02,0.00030655231931830555,0.00011291472483387517,0.00020973352207609035
2025-01-03,0.00030741684008477185,0.00038228961057706505,0.0003448532253309184
2025-01-04,0.00032039840636178906,-0.0005462335508189759,-0.0001129175722285934
2025-01-05,1.3517842916956414e-05,0.00034438183868390086,0.00017894984080042863
2025-01-06,0.0004289171069989899,0.00023891481110715647,0.0003339159590530732
2025-01-07,0.00012189821891854391,0.00037011771960226584,0.00024600796926040487
2025-01-08,9.497236495148049e-05,0.00022996190160326504,0.00016246713327737277
2025-01-09,0.00037231803172512774,-0.0006528835335016492,-0.0001402827508882607
2025-01-10,7.961959057982884e-05,0.00020356638856394062,0.00014159298957188473
2025-01-11,-4.247087644922461e-05,3.512748349846549e-05,-3.671696475379559e-06
2025-01-12,0.00019920179733317752,0.0004561008599731073,0.0003276513286531424
2025-01-13,0.00010677665342245161,7.708407480805428e-05,9.193036411525295e-05
2025-01-14,0.0001995794361472425,0.0001698473355752739,0.0001847133858612582
2025-01-15,1.070686015638741e-05,0.00013966200525229036,7.518443270433889e-05
2025-01-16,0.0002294898284841385,2.4312904101417525e-05,0.00012690136629277802
2025-01-17,-6.844698916388278e-05,0.0005182931518433703,0.00022492308133974378
2025-01-18,7.37519805038937e-05,-5.873071674267599e-05,7.510631880608856e-06
2025-01-19,0.0002680923399281903,0.00037715304809448784,0.00032262269401133907
2025-01-20,-4.704032077533278e-06,0.00027848912671435015,0.00013689254731840843
2025-01-21,0.0005454265997409907,-3.3994949734665376e-05,0.0002557158250031627
2025-01-22,0.00036534760417427807,0.00024330231614022197,0.00030432496015725
2025-01-23,0.00022338169443442528,0.00033453675049465885,0.0002789592224645421
2025-01-24,0.0002681386060767311,0.0003673507363527411,0.0003177446712147361
2025-01-25,2.8409243140202672e-05,2.245192946150368e-05,2.5430586300853176e-05
2025-01-26,7.203613741619118e-05,0.00014326018681852027,0.00010764816211735572
2025-01-27,0.00025353069896926985,0.0002942321493148463,0.0002738814241420581
2025-01-28,9.098900553303085e-05,0.00019440250059393703,0.00014269575306348394
2025-01-29,0.00019264037204303437,5.099387462430653e-05,0.00012181712333367045
2025-01-30,0.0003145503653695873,0.00017121560264417795,0.00024288298400688263
2025-01-31,0.00020012585199818324,0.0001955588218728255,0.00019784233693550437
2025-02-01,-2.834962852664951e-05,8.185745538093927e-05,2.675391342714488e-05
2025-02-02,-2.3080178385473157e-06,0.00020972498083330062,0.00010370848149737666
2025-02-03,0.00024570980037242517,-0.0005176434937054285,-0.00013596684666650164
2025-02-04,0.0002740773629655936,-0.0010284262273347429,-0.00037717443218457467
2025-02-05,-9.387080020906429e-05,-0.00023962156496391964,-0.00016674618258649197
2025-02-06,-2.3767604001092344e-05,-0.0001505501728506303,-8.715888842586132e-05
2025-02-07,0.00026181136598879047,0.00020066839195595772,0.0002312398789723741
2025-02-08,-0.00027133005333812,0.00010055886595653868,-8.538559369079067e-05
2025-02-09,0.00015175326380134827,8.146158794038594e-06,7.994971129769344e-05
2025-02-10,0.00021578360667342186,-2.364383377467152e-05,9.606988644937517e-05
2025-02-11,4.375335469750812e-05,-5.2560015112455475e-05,-4.403330207473678e-06
2025-02-12,-3.530246403958614e-05,0.0002737147284703404,0.00011920613221537714
2025-02-13,0.000181056021065453,0.0001052054638294438,0.0001431307424474484
2025-02-14,0.0001429540581801064,0.0002300087502304548,0.00018648140420528058
2025-02-15,-0.00019007226605237005,-0.00017385090829932515,-0.00018196158717584762
2025-02-16,0.0001527740803181771,4.962540179098096e-05,0.00010119974105457903
2025-02-17,8.871736739744512e-06,0.00011930619336633468,6.40889650530396e-05
2025-02-18,0.0003873847732000713,0.00021603698635251056,0.00030171087977629095
2025-02-19,4.597386228904627e-05,-1.2114553993655969e-05,1.6929654147695152e-05
2025-02-20,0.00020215646451450853,2.0329079416834675e-05,0.0001112427719656716
2025-02-21,-4.009600438100964e-05,0.00042403860065927135,0.00019197129813913085
2025-02-22,9.667002614901661e-05,-0.00041251093057021436,-0.00015792045221059886
2025-02-23,-5.139729792318856e-05,0.000100766592941264,2.468464750903772e-05
2025-02-24,-9.794177500746214e-05,-0.00015417368803927395,-0.00012605773152336803
2025-02-25,0.00031581784475255206,0.00041599923734808006,0.00036590854105031606
2025-02-26,-0.0006354623026467392,-0.0011829205731577219,-0.0009091914379022305
2025-02-27,5.741978077547859e-05,0.0003693610987076424,0.00021339043974156048
2025-02-28,0.00020415874310521077,0.0001923004068509055,0.00019822957497805813
2025-03-01,-0.00017926540216486926,-0.0002387169695904466,-0.00020899118587765794
2025-03-02,-0.0009891070894622674,-0.00011320460444504623,-0.0005511558469536568
2025-03-03,-1.7034308877338914e-05,0.00017592681037260203,7.944625074763156e-05
2025-03-04,-0.00012030454025397532,-0.0001982167262783174,-0.00015926063326614638
2025-03-05,7.474355877874379e-05,0.00015242387780445968,0.00011358371829160173
2025-03-06,0.00017212931352563563,-0.00014206870920767284,1.5030302158981399e-05
2025-03-07,1.6298500014428081e-06,1.746974799048991e-05,9.54979899596636e-06
2025-03-08,-0.00010302386372299278,1.6860033642183316e-06,-5.066893017938722e-05
2025-03-09,-0.0007785720795368268,-0.0003787096814905284,-0.0005786408805136777
2025-03-10,-0.00031814368338471476,-0.00027993772021866364,-0.00029904070180168923
2025-03-11,0.0003666418004784548,-4.110947670887543e-06,0.00018126542640378363
2025-03-12,7.231175085674828e-05,-6.1191361134071e-05,5.560194861338641e-06
2025-03-13,-9.613606744231153e-05,-9.205083916703904e-05,-9.409345330467529e-05
2025-03-14,0.00025780218462386585,0.00016810868784871411,0.00021295543623628998
2025-03-15,-0.00029893328959356514,0.00011652158131905153,-9.12058541372568e-05
2025-03-16,-2.0059752916790477e-05,-0.0001851102313501959,-0.00010258499213349319
2025-03-17,0.00016419084384040994,0.00012099940980256132,0.00014259512682148563
2025-03-18,2.765514010341212e-05,7.564432597210052e-06,1.7609786350311086e-05
2025-03-19,1.929044262565757e-05,8.283200781559802e-05,5.10612252206278e-05
2025-03-20,-2.255205954815294e-05,-3.302634237568852e-05,-2.778920096192073e-05
2025-03-21,2.1654451986710374e-05,0.00012141509059828797,7.153477129249917e-05
2025-03-22,-2.861018849935426e-05,-8.907520523040717e-05,-5.884269686488072e-05
2025-03-23,-8.24923517484483e-05,8.459216215199035e-05,1.0499052017710257e-06
2025-03-24,3.8091679671494994e-05,-5.915418051629461e-05,-1.0531250422399808e-05
2025-03-25,-0.00022127826285523366,6.381900835628385e-05,-7.87296272494749e-05
2025-03-26,0.00010054558308580339,-5.617853890413741e-05,2.218352209083299e-05
2025-03-27,-8.324818174098428e-06,0.00010389321329677592,4.7784197561338743e-05
2025-03-28,7.994545564143601e-05,4.823763790559307e-06,4.2384609715997654e-05
2025-03-29,7.632474391498453e-05,0.0001209533663265327,9.863905512075861e-05
2025-03-30,-0.0015103496115309583,-0.0016269695199135961,-0.0015686595657222772
